protocol,seed,depth,gradient_norm,surrogate_direct_loss_drop,surrogate_rotated_loss_drop,event_direct_loss_drop,event_rotated_loss_drop,existing_cosine,oracle_cosine,existing_mse,oracle_mse,existing_sign_agreement,oracle_sign_agreement,eligibility_nonzero_fraction,target_energy_on_eligible_edges
binn-hybrid-production-diagnostic-v3-f72033fbf6906b99,d67529eb300e7c14,1,0.983889163,0.000967932,-0.000423007,0.000967932,-0.000423007,0.483119190,0.483119130,0.000000023,0.000000023,0.343750000,0.718750000,0.031250000,0.233405873
binn-hybrid-production-diagnostic-v3-f72033fbf6906b99,742ca320b1d0f82b,1,0.984065711,0.000968286,-0.000423300,0.000968286,-0.000423300,0.483186036,0.483186007,0.000000023,0.000000023,0.343750000,0.718750000,0.031250000,0.233470470
binn-hybrid-production-diagnostic-v3-f72033fbf6906b99,92e43d7e329b743e,1,0.983865678,0.000967892,-0.000422844,0.000967892,-0.000422844,0.483021915,0.483021945,0.000000023,0.000000023,0.343750000,0.718750000,0.031250000,0.233311325
binn-hybrid-production-diagnostic-v3-f72033fbf6906b99,309fb6b7b26df055,1,0.983711720,0.000967590,-0.000422809,0.000967590,-0.000422809,0.483236283,0.483236283,0.000000023,0.000000023,0.343750000,0.718750000,0.031250000,0.233518884
binn-hybrid-production-diagnostic-v3-f72033fbf6906b99,5f5730cd33306c68,1,0.983864367,0.000967889,-0.000423022,0.000967889,-0.000423022,0.483153582,0.483153582,0.000000023,0.000000023,0.343750000,0.718750000,0.031250000,0.233439118
binn-hybrid-production-diagnostic-v3-f72033fbf6906b99,fd0e8a0ab4fae87f,1,0.984024167,0.000968197,-0.000423142,0.000968197,-0.000423142,0.483267069,0.483267069,0.000000023,0.000000023,0.343750000,0.718750000,0.031250000,0.233548835
binn-hybrid-production-diagnostic-v3-f72033fbf6906b99,1bc60440344d6492,1,0.983835578,0.000967815,-0.000422727,0.000967815,-0.000422727,0.483010590,0.483010590,0.000000023,0.000000023,0.343750000,0.718750000,0.031250000,0.233300343
binn-hybrid-production-diagnostic-v3-f72033fbf6906b99,b9f99d99b517e0a9,1,0.983747244,0.000967658,-0.000422754,0.000967658,-0.000422754,0.483041912,0.483041912,0.000000023,0.000000023,0.343750000,0.718750000,0.031250000,0.233330965
binn-hybrid-production-diagnostic-v3-f72033fbf6906b99,c7b117d736da5cbc,1,0.983825743,0.000967805,-0.000422995,0.000967805,-0.000422995,0.483071625,0.483071625,0.000000023,0.000000023,0.343750000,0.718750000,0.031250000,0.233359620
binn-hybrid-production-diagnostic-v3-f72033fbf6906b99,6668916cb7acd8d3,1,0.983737767,0.000967635,-0.000422863,0.000967635,-0.000422863,0.483132929,0.483132899,0.000000023,0.000000023,0.343750000,0.718750000,0.031250000,0.233418763
binn-hybrid-production-diagnostic-v3-f72033fbf6906b99,84206aaa377754e6,1,0.983800948,0.000967752,-0.000422863,0.000967752,-0.000422863,0.483103931,0.483103931,0.000000023,0.000000023,0.343750000,0.718750000,0.031250000,0.233390763
binn-hybrid-production-diagnostic-v3-f72033fbf6906b99,22dbe4e3b839d0fd,1,0.984020650,0.000968196,-0.000423133,0.000968196,-0.000423133,0.483197331,0.483197272,0.000000023,0.000000023,0.343750000,0.718750000,0.031250000,0.233480990
binn-hybrid-production-diagnostic-v3-f72033fbf6906b99,40937e39398c4d10,1,0.983904660,0.000967968,-0.000423049,0.000967968,-0.000423049,0.483111739,0.483111739,0.000000023,0.000000023,0.343750000,0.718750000,0.031250000,0.233398795
binn-hybrid-production-diagnostic-v3-f72033fbf6906b99,ef4af876b956c927,1,0.983390629,0.000966951,-0.000422526,0.000966951,-0.000422526,0.482949466,0.482949466,0.000000023,0.000000023,0.343750000,0.718750000,0.031250000,0.233241886
binn-hybrid-production-diagnostic-v3-f72033fbf6906b99,0d02718c3a19453a,1,0.983908832,0.000967965,-0.000423108,0.000967965,-0.000423108,0.483193308,0.483193308,0.000000023,0.000000023,0.343750000,0.718750000,0.031250000,0.233477280
binn-hybrid-production-diagnostic-v3-f72033fbf6906b99,ab35cbc5bbe3c151,1,0.983763516,0.000967682,-0.000422797,0.000967682,-0.000422797,0.483003885,0.483003885,0.000000023,0.000000023,0.343750000,0.718750000,0.031250000,0.233294278
binn-hybrid-production-diagnostic-v3-f72033fbf6906b99,c9ed45033cb63d64,1,0.983800352,0.000967737,-0.000422805,0.000967737,-0.000422805,0.482883841,0.482883811,0.000000023,0.000000023,0.343750000,0.718750000,0.031250000,0.233178467
binn-hybrid-production-diagnostic-v3-f72033fbf6906b99,57a4df58bc78b97b,1,0.983891129,0.000967942,-0.000422931,0.000967942,-0.000422931,0.483169138,0.483169109,0.000000023,0.000000023,0.343750000,0.718750000,0.031250000,0.233453989
binn-hybrid-production-diagnostic-v3-f72033fbf6906b99,f65c58963dc3358e,1,0.983937740,0.000968023,-0.000422979,0.000968023,-0.000422979,0.482995331,0.482995331,0.000000023,0.000000023,0.343750000,0.718750000,0.031250000,0.233286023
binn-hybrid-production-diagnostic-v3-f72033fbf6906b99,1417d22fbe95b1a5,1,0.983772635,0.000967706,-0.000422782,0.000967706,-0.000422782,0.483145416,0.483145416,0.000000023,0.000000023,0.343750000,0.718750000,0.031250000,0.233431041
binn-hybrid-production-diagnostic-v3-f72033fbf6906b99,d67529eb300e7c14,2,1.327176332,0.001906840,-0.000290822,0.000953844,-0.000146803,0.604269981,0.604269922,0.000000054,0.000000039,0.471679688,0.646972656,0.046875000,0.512071788
binn-hybrid-production-diagnostic-v3-f72033fbf6906b99,742ca320b1d0f82b,2,1.385562897,0.002099061,-0.000327913,0.001049983,-0.000162952,0.571573317,0.571573317,0.000000061,0.000000046,0.491943359,0.630126953,0.047119141,0.471523225
binn-hybrid-production-diagnostic-v3-f72033fbf6906b99,92e43d7e329b743e,2,1.371710777,0.002050191,-0.000307103,0.001026495,-0.000154533,0.573972404,0.573972404,0.000000059,0.000000045,0.479980469,0.643066406,0.047363281,0.475078523
binn-hybrid-production-diagnostic-v3-f72033fbf6906b99,309fb6b7b26df055,2,1.317889690,0.001891681,-0.000264158,0.000947134,-0.000128255,0.559885085,0.559885085,0.000000059,0.000000042,0.489501953,0.636962891,0.050537109,0.479067802
binn-hybrid-production-diagnostic-v3-f72033fbf6906b99,5f5730cd33306c68,2,1.345430970,0.001968048,-0.000261473,0.000984465,-0.000128037,0.607240736,0.607240677,0.000000054,0.000000041,0.490234375,0.643066406,0.045898438,0.511407316
binn-hybrid-production-diagnostic-v3-f72033fbf6906b99,fd0e8a0ab4fae87f,2,1.396030903,0.002120495,-0.000314666,0.001060830,-0.000156315,0.578979433,0.578979373,0.000000059,0.000000046,0.488037109,0.637451172,0.046142578,0.472024232
binn-hybrid-production-diagnostic-v3-f72033fbf6906b99,1bc60440344d6492,2,1.380553007,0.002070825,-0.000282689,0.001035435,-0.000137177,0.583380818,0.583380878,0.000000058,0.000000044,0.493652344,0.641601562,0.046386719,0.479506850
binn-hybrid-production-diagnostic-v3-f72033fbf6906b99,b9f99d99b517e0a9,2,1.372875810,0.002065341,-0.000297963,0.001033335,-0.000149892,0.571337640,0.571337640,0.000000060,0.000000045,0.491455078,0.634033203,0.047607422,0.475668043
binn-hybrid-production-diagnostic-v3-f72033fbf6906b99,c7b117d736da5cbc,2,1.356508374,0.001991199,-0.000296407,0.000995866,-0.000149926,0.582347870,0.582347870,0.000000057,0.000000043,0.487792969,0.639648438,0.047363281,0.483620286
binn-hybrid-production-diagnostic-v3-f72033fbf6906b99,6668916cb7acd8d3,2,1.402282357,0.002150427,-0.000316580,0.001074946,-0.000155109,0.585539401,0.585539401,0.000000059,0.000000046,0.500488281,0.640136719,0.045410156,0.479341745
binn-hybrid-production-diagnostic-v3-f72033fbf6906b99,84206aaa377754e6,2,1.379191518,0.002074328,-0.000256518,0.001037768,-0.000128990,0.571019232,0.571019173,0.000000060,0.000000045,0.474121094,0.636718750,0.047363281,0.471344352
binn-hybrid-production-diagnostic-v3-f72033fbf6906b99,22dbe4e3b839d0fd,2,1.349264860,0.001967471,-0.000345510,0.000983307,-0.000175343,0.599641562,0.599641621,0.000000055,0.000000041,0.475097656,0.647949219,0.046386719,0.500252247
binn-hybrid-production-diagnostic-v3-f72033fbf6906b99,40937e39398c4d10,2,1.305123091,0.001844665,-0.000315064,0.000921749,-0.000158017,0.599804461,0.599804461,0.000000053,0.000000038,0.484130859,0.642333984,0.048095703,0.515710115
binn-hybrid-production-diagnostic-v3-f72033fbf6906b99,ef4af876b956c927,2,1.349075675,0.001984902,-0.000268481,0.000993600,-0.000140507,0.579667568,0.579667568,0.000000058,0.000000043,0.489257812,0.642089844,0.047851562,0.487385780
binn-hybrid-production-diagnostic-v3-f72033fbf6906b99,0d02718c3a19453a,2,1.357931972,0.001982310,-0.000283702,0.000991581,-0.000143835,0.577796817,0.577796817,0.000000057,0.000000042,0.498291016,0.634033203,0.047607422,0.475247115
binn-hybrid-production-diagnostic-v3-f72033fbf6906b99,ab35cbc5bbe3c151,2,1.301550150,0.001853885,-0.000308144,0.000926882,-0.000150956,0.592509806,0.592509806,0.000000055,0.000000039,0.489257812,0.639160156,0.048828125,0.515958607
binn-hybrid-production-diagnostic-v3-f72033fbf6906b99,c9ed45033cb63d64,2,1.330178499,0.001930399,-0.000292043,0.000964981,-0.000149051,0.577827930,0.577827930,0.000000058,0.000000042,0.476562500,0.640136719,0.048828125,0.491852492
binn-hybrid-production-diagnostic-v3-f72033fbf6906b99,57a4df58bc78b97b,2,1.362539649,0.002024006,-0.000313979,0.001012617,-0.000155583,0.588702023,0.588702023,0.000000057,0.000000043,0.481689453,0.644287109,0.046630859,0.491441548
binn-hybrid-production-diagnostic-v3-f72033fbf6906b99,f65c58963dc3358e,2,1.276615500,0.001772567,-0.000297401,0.000886221,-0.000146027,0.623768926,0.623768926,0.000000050,0.000000035,0.489746094,0.647460938,0.047363281,0.548020601
binn-hybrid-production-diagnostic-v3-f72033fbf6906b99,1417d22fbe95b1a5,2,1.339076996,0.001932323,-0.000290895,0.000966081,-0.000145814,0.610844851,0.610844851,0.000000053,0.000000039,0.479492188,0.649414062,0.045898438,0.511996686
binn-hybrid-production-diagnostic-v3-f72033fbf6906b99,d67529eb300e7c14,3,2.433755159,0.006035841,-0.002212848,0.002092919,-0.000734706,0.416181833,0.416181833,0.000000205,0.000000152,0.562988281,0.563964844,0.052734375,0.233517095
binn-hybrid-production-diagnostic-v3-f72033fbf6906b99,742ca320b1d0f82b,3,2.421714544,0.005973847,-0.002183293,0.002008593,-0.000739338,0.432399035,0.432399035,0.000000196,0.000000149,0.551757812,0.553710938,0.053466797,0.234409809
binn-hybrid-production-diagnostic-v3-f72033fbf6906b99,92e43d7e329b743e,3,2.407540321,0.005897942,-0.002092035,0.001958787,-0.000686449,0.419359624,0.419359654,0.000000201,0.000000149,0.542480469,0.556152344,0.053955078,0.233630866
binn-hybrid-production-diagnostic-v3-f72033fbf6906b99,309fb6b7b26df055,3,2.433517456,0.006032704,-0.002152223,0.002017056,-0.000748393,0.421912730,0.421912760,0.000000201,0.000000152,0.542968750,0.560546875,0.052734375,0.233466595
binn-hybrid-production-diagnostic-v3-f72033fbf6906b99,5f5730cd33306c68,3,2.450672150,0.006122178,-0.002331190,0.002084983,-0.000770140,0.428759843,0.428759843,0.000000200,0.000000153,0.545410156,0.561035156,0.052001953,0.233162135
binn-hybrid-production-diagnostic-v3-f72033fbf6906b99,fd0e8a0ab4fae87f,3,2.371698856,0.005716794,-0.002091769,0.001900347,-0.000690702,0.412316620,0.412316591,0.000000200,0.000000145,0.553955078,0.553466797,0.055175781,0.232572794
binn-hybrid-production-diagnostic-v3-f72033fbf6906b99,1bc60440344d6492,3,2.420979500,0.005970246,-0.002138543,0.001985642,-0.000696520,0.418940783,0.418940812,0.000000201,0.000000151,0.552246094,0.559082031,0.053222656,0.232880875
binn-hybrid-production-diagnostic-v3-f72033fbf6906b99,b9f99d99b517e0a9,3,2.356707573,0.005640834,-0.002116555,0.001881493,-0.000712898,0.407719016,0.407718986,0.000000202,0.000000144,0.573242188,0.552734375,0.055908203,0.233495012
binn-hybrid-production-diagnostic-v3-f72033fbf6906b99,c7b117d736da5cbc,3,2.394965649,0.005835827,-0.002254357,0.001914954,-0.000764815,0.428919345,0.428919345,0.000000194,0.000000146,0.544921875,0.549804688,0.054443359,0.233726487
binn-hybrid-production-diagnostic-v3-f72033fbf6906b99,6668916cb7acd8d3,3,2.387738228,0.005795876,-0.002124385,0.001935023,-0.000708264,0.423798233,0.423798263,0.000000197,0.000000146,0.562988281,0.550781250,0.054687500,0.232817709
binn-hybrid-production-diagnostic-v3-f72033fbf6906b99,84206aaa377754e6,3,2.411552668,0.005920712,-0.002140813,0.001965749,-0.000705855,0.429875284,0.429875314,0.000000195,0.000000148,0.578125000,0.552734375,0.053710938,0.233335719
binn-hybrid-production-diagnostic-v3-f72033fbf6906b99,22dbe4e3b839d0fd,3,2.393237829,0.005826119,-0.002146010,0.001912247,-0.000692536,0.429330498,0.429330468,0.000000194,0.000000146,0.559570312,0.549804688,0.054443359,0.233946741
binn-hybrid-production-diagnostic-v3-f72033fbf6906b99,40937e39398c4d10,3,2.380022049,0.005759004,-0.002113697,0.001880470,-0.000718904,0.415597171,0.415597200,0.000000199,0.000000146,0.557861328,0.552978516,0.054931641,0.233467594
binn-hybrid-production-diagnostic-v3-f72033fbf6906b99,ef4af876b956c927,3,2.370905638,0.005710420,-0.002078211,0.001922552,-0.000727880,0.425730377,0.425730377,0.000000194,0.000000144,0.578613281,0.548339844,0.055175781,0.232534766
binn-hybrid-production-diagnostic-v3-f72033fbf6906b99,0d02718c3a19453a,3,2.404421091,0.005886191,-0.002177135,0.001972312,-0.000721139,0.421343148,0.421343118,0.000000199,0.000000148,0.541748047,0.555419922,0.053955078,0.233261123
binn-hybrid-production-diagnostic-v3-f72033fbf6906b99,ab35cbc5bbe3c151,3,2.328902245,0.005494944,-0.001922381,0.001897736,-0.000696355,0.406082720,0.406082749,0.000000202,0.000000141,0.550292969,0.549316406,0.057128906,0.233293951
binn-hybrid-production-diagnostic-v3-f72033fbf6906b99,c9ed45033cb63d64,3,2.377453566,0.005746205,-0.002124004,0.001914031,-0.000713810,0.420302302,0.420302331,0.000000197,0.000000145,0.552490234,0.550537109,0.055175781,0.233138710
binn-hybrid-production-diagnostic-v3-f72033fbf6906b99,57a4df58bc78b97b,3,2.389785051,0.005807048,-0.002107209,0.001975349,-0.000720670,0.399704367,0.399704397,0.000000210,0.000000149,0.547363281,0.562011719,0.054687500,0.234123155
binn-hybrid-production-diagnostic-v3-f72033fbf6906b99,f65c58963dc3358e,3,2.382365227,0.005766849,-0.002214986,0.001918994,-0.000713388,0.405387312,0.405387312,0.000000205,0.000000147,0.556640625,0.557128906,0.054931641,0.232595533
binn-hybrid-production-diagnostic-v3-f72033fbf6906b99,1417d22fbe95b1a5,3,2.355066776,0.005632314,-0.001974057,0.001885161,-0.000675019,0.409999877,0.409999847,0.000000201,0.000000144,0.569824219,0.550781250,0.056152344,0.233653039
binn-hybrid-production-diagnostic-v3-f72033fbf6906b99,d67529eb300e7c14,4,2.518985033,0.006607407,-0.001078345,0.001643049,-0.000266868,0.564797223,0.564797223,0.000000308,0.000000147,0.600585938,0.508789062,0.060058594,0.452246934
binn-hybrid-production-diagnostic-v3-f72033fbf6906b99,742ca320b1d0f82b,4,2.586606503,0.006925478,-0.000882359,0.001775878,-0.000240990,0.537628472,0.537628412,0.000000325,0.000000158,0.604492188,0.518066406,0.059082031,0.422913134
binn-hybrid-production-diagnostic-v3-f72033fbf6906b99,92e43d7e329b743e,4,2.478750944,0.006406754,-0.000978382,0.001606959,-0.000267716,0.568428099,0.568428159,0.000000305,0.000000140,0.582275391,0.523681641,0.059570312,0.479479522
binn-hybrid-production-diagnostic-v3-f72033fbf6906b99,309fb6b7b26df055,4,2.535750151,0.006670723,-0.000935502,0.001692762,-0.000220211,0.569242358,0.569242418,0.000000294,0.000000146,0.568603516,0.528076172,0.058837891,0.455648601
binn-hybrid-production-diagnostic-v3-f72033fbf6906b99,5f5730cd33306c68,4,2.511791229,0.006555658,-0.000966621,0.001631969,-0.000239418,0.582895398,0.582895458,0.000000289,0.000000139,0.607910156,0.525878906,0.057373047,0.487177372
binn-hybrid-production-diagnostic-v3-f72033fbf6906b99,fd0e8a0ab4fae87f,4,2.458796978,0.006357795,-0.000953619,0.001610443,-0.000226637,0.572572172,0.572572172,0.000000323,0.000000141,0.572021484,0.513916016,0.060546875,0.483740360
binn-hybrid-production-diagnostic-v3-f72033fbf6906b99,1bc60440344d6492,4,2.485772848,0.006447242,-0.001089489,0.001608363,-0.000269361,0.582015395,0.582015395,0.000000299,0.000000138,0.579589844,0.533691406,0.058349609,0.488499492
binn-hybrid-production-diagnostic-v3-f72033fbf6906b99,b9f99d99b517e0a9,4,2.538900614,0.006699048,-0.000990184,0.001649586,-0.000238003,0.575395107,0.575395107,0.000000295,0.000000145,0.588134766,0.539306641,0.057617188,0.466580182
binn-hybrid-production-diagnostic-v3-f72033fbf6906b99,c7b117d736da5cbc,4,2.504373074,0.006527711,-0.001023619,0.001626391,-0.000256916,0.625094175,0.625094175,0.000000261,0.000000131,0.575927734,0.534912109,0.055908203,0.503487587
binn-hybrid-production-diagnostic-v3-f72033fbf6906b99,6668916cb7acd8d3,4,2.440574169,0.006249102,-0.000928496,0.001632819,-0.000247562,0.562138200,0.562138200,0.000000319,0.000000139,0.604248047,0.505615234,0.060791016,0.488090783
binn-hybrid-production-diagnostic-v3-f72033fbf6906b99,84206aaa377754e6,4,2.477950096,0.006410912,-0.000940757,0.001653349,-0.000236161,0.582735300,0.582735300,0.000000298,0.000000138,0.604736328,0.508056641,0.059326172,0.484252959
binn-hybrid-production-diagnostic-v3-f72033fbf6906b99,22dbe4e3b839d0fd,4,2.465196848,0.006343118,-0.000959064,0.001580632,-0.000251927,0.592335403,0.592335343,0.000000288,0.000000135,0.585205078,0.523193359,0.058837891,0.495494485
binn-hybrid-production-diagnostic-v3-f72033fbf6906b99,40937e39398c4d10,4,2.505765915,0.006546285,-0.000945251,0.001602320,-0.000216844,0.572962999,0.572963059,0.000000299,0.000000141,0.587890625,0.533203125,0.058105469,0.488129735
binn-hybrid-production-diagnostic-v3-f72033fbf6906b99,ef4af876b956c927,4,2.387601137,0.005961639,-0.000982480,0.001501743,-0.000246531,0.597284019,0.597284019,0.000000295,0.000000125,0.587158203,0.510986328,0.059082031,0.516312957
binn-hybrid-production-diagnostic-v3-f72033fbf6906b99,0d02718c3a19453a,4,2.482795477,0.006439371,-0.001016976,0.001595430,-0.000238885,0.565610468,0.565610528,0.000000311,0.000000142,0.580566406,0.528320312,0.059082031,0.483618408
binn-hybrid-production-diagnostic-v3-f72033fbf6906b99,ab35cbc5bbe3c151,4,2.466557741,0.006335903,-0.001041421,0.001632485,-0.000266538,0.562854826,0.562854826,0.000000312,0.000000139,0.589111328,0.525634766,0.058593750,0.496084750
binn-hybrid-production-diagnostic-v3-f72033fbf6906b99,c9ed45033cb63d64,4,2.456358671,0.006302925,-0.001082167,0.001523166,-0.000274426,0.589253783,0.589253724,0.000000285,0.000000133,0.588623047,0.523193359,0.058837891,0.502348483
binn-hybrid-production-diagnostic-v3-f72033fbf6906b99,57a4df58bc78b97b,4,2.497213602,0.006473958,-0.001016821,0.001670967,-0.000265146,0.564089239,0.564089239,0.000000301,0.000000142,0.599609375,0.529785156,0.058837891,0.479230464
binn-hybrid-production-diagnostic-v3-f72033fbf6906b99,f65c58963dc3358e,4,2.476757526,0.006395456,-0.001073625,0.001614342,-0.000272342,0.580887735,0.580887735,0.000000301,0.000000138,0.578613281,0.526367188,0.058349609,0.482882977
binn-hybrid-production-diagnostic-v3-f72033fbf6906b99,1417d22fbe95b1a5,4,2.462352037,0.006321903,-0.000996402,0.001549778,-0.000254679,0.587338388,0.587338388,0.000000294,0.000000135,0.594970703,0.521728516,0.058349609,0.490473747
binn-hybrid-production-diagnostic-v3-f72033fbf6906b99,d67529eb300e7c14,5,3.833935738,0.014777716,-0.005424182,0.002919979,-0.001134218,0.413336098,0.413336098,0.000000690,0.000000381,0.597656250,0.517089844,0.060302734,0.233728483
binn-hybrid-production-diagnostic-v3-f72033fbf6906b99,742ca320b1d0f82b,5,3.750822783,0.014106837,-0.005230314,0.002861575,-0.001029220,0.420316607,0.420316607,0.000000690,0.000000362,0.591064453,0.510498047,0.061523438,0.234774023
binn-hybrid-production-diagnostic-v3-f72033fbf6906b99,92e43d7e329b743e,5,3.765638351,0.014257973,-0.005442978,0.002835250,-0.001042345,0.430767864,0.430767864,0.000000665,0.000000362,0.596191406,0.511230469,0.060302734,0.233291492
binn-hybrid-production-diagnostic-v3-f72033fbf6906b99,309fb6b7b26df055,5,3.819970369,0.014691207,-0.005160764,0.002887216,-0.001039118,0.422772616,0.422772616,0.000000683,0.000000375,0.590576172,0.517333984,0.059814453,0.232996717
binn-hybrid-production-diagnostic-v3-f72033fbf6906b99,5f5730cd33306c68,5,3.765814543,0.014227132,-0.005275994,0.002925941,-0.001042373,0.410736203,0.410736144,0.000000703,0.000000368,0.609619141,0.512939453,0.061523438,0.234079301
binn-hybrid-production-diagnostic-v3-f72033fbf6906b99,fd0e8a0ab4fae87f,5,3.828306675,0.014739200,-0.005239419,0.002876027,-0.001019774,0.416900486,0.416900486,0.000000671,0.000000378,0.588378906,0.518066406,0.060302734,0.233344272
binn-hybrid-production-diagnostic-v3-f72033fbf6906b99,1bc60440344d6492,5,3.813980579,0.014622564,-0.005435448,0.002891512,-0.001033962,0.415350974,0.415350944,0.000000688,0.000000376,0.598388672,0.518798828,0.060546875,0.234987319
binn-hybrid-production-diagnostic-v3-f72033fbf6906b99,b9f99d99b517e0a9,5,3.751424551,0.014128326,-0.005355571,0.002850153,-0.001033323,0.423412055,0.423412085,0.000000670,0.000000362,0.637695312,0.507812500,0.061279297,0.230999738
binn-hybrid-production-diagnostic-v3-f72033fbf6906b99,c7b117d736da5cbc,5,3.796626806,0.014478183,-0.005351149,0.002912356,-0.001081553,0.412102729,0.412102729,0.000000705,0.000000374,0.596191406,0.516601562,0.060791016,0.234161451
binn-hybrid-production-diagnostic-v3-f72033fbf6906b99,6668916cb7acd8d3,5,3.829274178,0.014757826,-0.005635630,0.002857805,-0.001093547,0.422983408,0.422983408,0.000000674,0.000000377,0.613037109,0.516357422,0.060058594,0.233064741
binn-hybrid-production-diagnostic-v3-f72033fbf6906b99,84206aaa377754e6,5,3.819542646,0.014665001,-0.005516410,0.002865572,-0.001018710,0.410705656,0.410705656,0.000000692,0.000000379,0.623779297,0.516845703,0.060546875,0.232334167
binn-hybrid-production-diagnostic-v3-f72033fbf6906b99,22dbe4e3b839d0fd,5,3.836392403,0.014838354,-0.005163696,0.003030834,-0.001069007,0.427023500,0.427023500,0.000000669,0.000000378,0.582519531,0.518066406,0.059082031,0.233091086
binn-hybrid-production-diagnostic-v3-f72033fbf6906b99,40937e39398c4d10,5,3.834850311,0.014808457,-0.005200785,0.003059299,-0.001016357,0.423667312,0.423667312,0.000000676,0.000000378,0.616943359,0.517822266,0.059814453,0.234197751
binn-hybrid-production-diagnostic-v3-f72033fbf6906b99,ef4af876b956c927,5,3.776537418,0.014303938,-0.005649764,0.002846781,-0.001154973,0.414067924,0.414067924,0.000000694,0.000000370,0.623291016,0.512451172,0.061279297,0.232230350
binn-hybrid-production-diagnostic-v3-f72033fbf6906b99,0d02718c3a19453a,5,3.814411402,0.014617876,-0.005508699,0.003004144,-0.001056002,0.409573734,0.409573793,0.000000705,0.000000378,0.587646484,0.517333984,0.060546875,0.233283937
binn-hybrid-production-diagnostic-v3-f72033fbf6906b99,ab35cbc5bbe3c151,5,3.808640003,0.014610104,-0.004988485,0.003043355,-0.000977312,0.412038565,0.412038594,0.000000697,0.000000377,0.592773438,0.516113281,0.059814453,0.232886806
binn-hybrid-production-diagnostic-v3-f72033fbf6906b99,c9ed45033cb63d64,5,3.824521780,0.014744298,-0.005690260,0.002926685,-0.001107605,0.428091079,0.428091079,0.000000682,0.000000375,0.604492188,0.514160156,0.059814453,0.234077007
binn-hybrid-production-diagnostic-v3-f72033fbf6906b99,57a4df58bc78b97b,5,3.779241562,0.014336878,-0.005289443,0.002769669,-0.001060180,0.430357128,0.430357158,0.000000666,0.000000364,0.603027344,0.509277344,0.061279297,0.232586309
binn-hybrid-production-diagnostic-v3-f72033fbf6906b99,f65c58963dc3358e,5,3.815650463,0.014648465,-0.005664120,0.002773731,-0.001139007,0.433452040,0.433452010,0.000000651,0.000000370,0.600585938,0.513671875,0.060546875,0.233448610
binn-hybrid-production-diagnostic-v3-f72033fbf6906b99,1417d22fbe95b1a5,5,3.714057922,0.013806844,-0.004908562,0.002687234,-0.000909180,0.420666218,0.420666218,0.000000698,0.000000354,0.619140625,0.506835938,0.062011719,0.234161988
binn-hybrid-production-diagnostic-v3-f72033fbf6906b99,d67529eb300e7c14,6,3.414866924,0.012400256,-0.002201315,0.002082323,-0.000344593,0.646175086,0.646175027,0.000000910,0.000000253,0.642333984,0.461181641,0.062011719,0.547809958
binn-hybrid-production-diagnostic-v3-f72033fbf6906b99,742ca320b1d0f82b,6,3.620692253,0.013837927,-0.002003327,0.002309519,-0.000353115,0.594529927,0.594529927,0.000000964,0.000000305,0.604980469,0.482421875,0.061767578,0.477556348
binn-hybrid-production-diagnostic-v3-f72033fbf6906b99,92e43d7e329b743e,6,3.633654833,0.014037520,-0.002148901,0.002346434,-0.000326899,0.598848641,0.598848641,0.000000975,0.000000311,0.597412109,0.482666016,0.062011719,0.494143695
binn-hybrid-production-diagnostic-v3-f72033fbf6906b99,309fb6b7b26df055,6,3.695211887,0.014464509,-0.002288131,0.002440766,-0.000387015,0.589202821,0.589202881,0.000000966,0.000000321,0.616210938,0.485839844,0.061035156,0.474646598
binn-hybrid-production-diagnostic-v3-f72033fbf6906b99,5f5730cd33306c68,6,3.638182163,0.014081466,-0.002093958,0.002309618,-0.000372402,0.584800243,0.584800243,0.000000981,0.000000315,0.633544922,0.476318359,0.061523438,0.490861773
binn-hybrid-production-diagnostic-v3-f72033fbf6906b99,fd0e8a0ab4fae87f,6,3.670202255,0.014202066,-0.001917045,0.002370207,-0.000313228,0.593093932,0.593093932,0.000000951,0.000000313,0.619628906,0.485839844,0.061279297,0.475708932
binn-hybrid-production-diagnostic-v3-f72033fbf6906b99,1bc60440344d6492,6,3.449026108,0.012655580,-0.002238740,0.002130842,-0.000396254,0.630426645,0.630426705,0.000000923,0.000000262,0.604003906,0.476074219,0.060791016,0.547561109
binn-hybrid-production-diagnostic-v3-f72033fbf6906b99,b9f99d99b517e0a9,6,3.703649759,0.014467696,-0.002135332,0.002397585,-0.000319230,0.574936688,0.574936688,0.000000966,0.000000324,0.626220703,0.491455078,0.060302734,0.469376087
binn-hybrid-production-diagnostic-v3-f72033fbf6906b99,c7b117d736da5cbc,6,3.777605534,0.015082243,-0.002181835,0.002581656,-0.000362095,0.564739883,0.564739943,0.000000993,0.000000347,0.605468750,0.482910156,0.061767578,0.450903982
binn-hybrid-production-diagnostic-v3-f72033fbf6906b99,6668916cb7acd8d3,6,3.666649580,0.014184667,-0.002313640,0.002463571,-0.000379205,0.568850935,0.568850935,0.000001005,0.000000323,0.610107422,0.482666016,0.061767578,0.469658732
binn-hybrid-production-diagnostic-v3-f72033fbf6906b99,84206aaa377754e6,6,3.756407261,0.014943982,-0.002385241,0.002461115,-0.000395656,0.594445527,0.594445527,0.000000908,0.000000328,0.596435547,0.491943359,0.060302734,0.472074270
binn-hybrid-production-diagnostic-v3-f72033fbf6906b99,22dbe4e3b839d0fd,6,3.673603773,0.014314464,-0.002161201,0.002444210,-0.000319975,0.576745033,0.576745033,0.000001007,0.000000324,0.588378906,0.484375000,0.061767578,0.476549715
binn-hybrid-production-diagnostic-v3-f72033fbf6906b99,40937e39398c4d10,6,3.616539955,0.013830071,-0.001995134,0.002354688,-0.000316295,0.595661640,0.595661581,0.000000976,0.000000305,0.621337891,0.467041016,0.062011719,0.490396976
binn-hybrid-production-diagnostic-v3-f72033fbf6906b99,ef4af876b956c927,6,3.654599905,0.014100240,-0.002054033,0.002333326,-0.000343541,0.568639874,0.568639874,0.000001010,0.000000321,0.638671875,0.477539062,0.061523438,0.474484801
binn-hybrid-production-diagnostic-v3-f72033fbf6906b99,0d02718c3a19453a,6,3.554330111,0.013400070,-0.001966746,0.002288266,-0.000329056,0.617024958,0.617024958,0.000000941,0.000000288,0.619140625,0.470214844,0.061767578,0.504281759
binn-hybrid-production-diagnostic-v3-f72033fbf6906b99,ab35cbc5bbe3c151,6,3.604525566,0.013757999,-0.002010207,0.002300371,-0.000350956,0.596109509,0.596109509,0.000000978,0.000000304,0.634521484,0.478759766,0.062011719,0.496480793
binn-hybrid-production-diagnostic-v3-f72033fbf6906b99,c9ed45033cb63d64,6,3.506295443,0.012995136,-0.002164859,0.002204733,-0.000346147,0.611653149,0.611653149,0.000000940,0.000000277,0.600830078,0.482666016,0.061279297,0.522925913
binn-hybrid-production-diagnostic-v3-f72033fbf6906b99,57a4df58bc78b97b,6,3.634292841,0.013999383,-0.001849652,0.002308948,-0.000284558,0.577061117,0.577061117,0.000001008,0.000000319,0.599853516,0.481689453,0.062500000,0.487200201
binn-hybrid-production-diagnostic-v3-f72033fbf6906b99,f65c58963dc3358e,6,3.566936970,0.013511879,-0.002193741,0.002231800,-0.000378855,0.599522352,0.599522293,0.000000972,0.000000296,0.615722656,0.467773438,0.062255859,0.508513272
binn-hybrid-production-diagnostic-v3-f72033fbf6906b99,1417d22fbe95b1a5,6,3.621156693,0.013891392,-0.002073923,0.002372513,-0.000350327,0.606528223,0.606528223,0.000000936,0.000000302,0.621337891,0.476806641,0.061035156,0.499649376
binn-hybrid-production-diagnostic-v3-f72033fbf6906b99,d67529eb300e7c14,7,5.242175102,0.027394403,-0.010147574,0.004018409,-0.001467403,0.435538113,0.435538143,0.000001685,0.000000700,0.616455078,0.503173828,0.062255859,0.235262096
binn-hybrid-production-diagnostic-v3-f72033fbf6906b99,742ca320b1d0f82b,7,5.292972565,0.028028712,-0.010734313,0.003937718,-0.001459463,0.440202355,0.440202355,0.000001621,0.000000711,0.599121094,0.505859375,0.061279297,0.234197482
binn-hybrid-production-diagnostic-v3-f72033fbf6906b99,92e43d7e329b743e,7,5.224451065,0.027257923,-0.010359016,0.003847229,-0.001468349,0.417930067,0.417930126,0.000001736,0.000000707,0.622314453,0.505615234,0.061767578,0.231831625
binn-hybrid-production-diagnostic-v3-f72033fbf6906b99,309fb6b7b26df055,7,5.239136696,0.027387239,-0.010198941,0.003933300,-0.001394296,0.434598237,0.434598237,0.000001653,0.000000698,0.633789062,0.502929688,0.061767578,0.234800532
binn-hybrid-production-diagnostic-v3-f72033fbf6906b99,5f5730cd33306c68,7,5.215749741,0.027128452,-0.010305148,0.003981197,-0.001433488,0.425496727,0.425496727,0.000001730,0.000000699,0.624023438,0.504394531,0.062011719,0.233944446
binn-hybrid-production-diagnostic-v3-f72033fbf6906b99,fd0e8a0ab4fae87f,7,5.172059536,0.026659749,-0.010181583,0.003892645,-0.001465825,0.431670159,0.431670159,0.000001691,0.000000682,0.622558594,0.501953125,0.062500000,0.233886749
binn-hybrid-production-diagnostic-v3-f72033fbf6906b99,1bc60440344d6492,7,5.209481239,0.027060634,-0.009924049,0.003880328,-0.001388723,0.423139304,0.423139304,0.000001702,0.000000699,0.623779297,0.502197266,0.062255859,0.233225286
binn-hybrid-production-diagnostic-v3-f72033fbf6906b99,b9f99d99b517e0a9,7,5.146262646,0.026389353,-0.010345615,0.003790027,-0.001524510,0.433439404,0.433439404,0.000001673,0.000000673,0.645996094,0.502441406,0.062255859,0.232216865
binn-hybrid-production-diagnostic-v3-f72033fbf6906b99,c7b117d736da5cbc,7,5.223384380,0.027218707,-0.010115826,0.004022795,-0.001482274,0.426391423,0.426391393,0.000001736,0.000000700,0.594726562,0.503906250,0.062011719,0.234619364
binn-hybrid-production-diagnostic-v3-f72033fbf6906b99,6668916cb7acd8d3,7,5.163587093,0.026569460,-0.009889612,0.003859443,-0.001415112,0.429365396,0.429365456,0.000001706,0.000000682,0.648681641,0.501220703,0.062255859,0.233493581
binn-hybrid-production-diagnostic-v3-f72033fbf6906b99,84206aaa377754e6,7,5.186059952,0.026819438,-0.010453299,0.003699054,-0.001369332,0.436312377,0.436312348,0.000001674,0.000000684,0.602294922,0.501708984,0.062255859,0.233346850
binn-hybrid-production-diagnostic-v3-f72033fbf6906b99,22dbe4e3b839d0fd,7,5.183477402,0.026783019,-0.010109969,0.003766104,-0.001419043,0.425100267,0.425100267,0.000001687,0.000000690,0.630371094,0.500488281,0.062255859,0.231865391
binn-hybrid-production-diagnostic-v3-f72033fbf6906b99,40937e39398c4d10,7,5.198106289,0.026910905,-0.010328347,0.003761588,-0.001418768,0.433724433,0.433724403,0.000001643,0.000000687,0.625000000,0.500000000,0.062500000,0.232633144
binn-hybrid-production-diagnostic-v3-f72033fbf6906b99,ef4af876b956c927,7,5.154897690,0.026472766,-0.010098041,0.003736318,-0.001393373,0.429637104,0.429637104,0.000001687,0.000000678,0.640136719,0.500488281,0.062255859,0.232492030
binn-hybrid-production-diagnostic-v3-f72033fbf6906b99,0d02718c3a19453a,7,5.115130424,0.026073959,-0.010279500,0.003745966,-0.001442931,0.431239992,0.431239963,0.000001733,0.000000668,0.613281250,0.502929688,0.062255859,0.234422773
binn-hybrid-production-diagnostic-v3-f72033fbf6906b99,ab35cbc5bbe3c151,7,5.235579967,0.027340673,-0.010326967,0.003928374,-0.001438549,0.421722293,0.421722293,0.000001677,0.000000709,0.645996094,0.501464844,0.062500000,0.233634919
binn-hybrid-production-diagnostic-v3-f72033fbf6906b99,c9ed45033cb63d64,7,5.207388878,0.027040750,-0.010513469,0.003940547,-0.001548390,0.427139282,0.427139282,0.000001647,0.000000695,0.591552734,0.504150391,0.062255859,0.232932270
binn-hybrid-production-diagnostic-v3-f72033fbf6906b99,57a4df58bc78b97b,7,5.246122360,0.027531628,-0.010149886,0.004015608,-0.001444877,0.438252360,0.438252360,0.000001656,0.000000700,0.568115234,0.505615234,0.061279297,0.234752968
binn-hybrid-production-diagnostic-v3-f72033fbf6906b99,f65c58963dc3358e,7,5.216536045,0.027100254,-0.010082780,0.003918408,-0.001423540,0.432290286,0.432290316,0.000001697,0.000000694,0.608886719,0.500976562,0.062500000,0.233490199
binn-hybrid-production-diagnostic-v3-f72033fbf6906b99,1417d22fbe95b1a5,7,5.142570496,0.026359502,-0.010299364,0.003762319,-0.001441265,0.431207150,0.431207180,0.000001735,0.000000675,0.647216797,0.501220703,0.062255859,0.232736394
binn-hybrid-production-diagnostic-v3-f72033fbf6906b99,d67529eb300e7c14,8,4.818508625,0.024314165,-0.003549620,0.003125981,-0.000465499,0.591452718,0.591452718,0.000002280,0.000000542,0.629882812,0.468750000,0.062500000,0.470768273
binn-hybrid-production-diagnostic-v3-f72033fbf6906b99,742ca320b1d0f82b,8,4.589476585,0.022152856,-0.003814782,0.002753097,-0.000476995,0.612222254,0.612222254,0.000002215,0.000000475,0.618164062,0.470703125,0.062011719,0.534072816
binn-hybrid-production-diagnostic-v3-f72033fbf6906b99,92e43d7e329b743e,8,4.803263187,0.024415165,-0.003787057,0.003149224,-0.000469532,0.596794426,0.596794426,0.000002375,0.000000548,0.627929688,0.469238281,0.062500000,0.483394146
binn-hybrid-production-diagnostic-v3-f72033fbf6906b99,309fb6b7b26df055,8,4.639090538,0.022692688,-0.003454424,0.002879577,-0.000446952,0.632537723,0.632537723,0.000002240,0.000000478,0.612304688,0.467285156,0.062500000,0.506676972
binn-hybrid-production-diagnostic-v3-f72033fbf6906b99,5f5730cd33306c68,8,4.603386402,0.022416655,-0.003813646,0.002851716,-0.000449720,0.629683733,0.629683733,0.000002282,0.000000474,0.643310547,0.465087891,0.062011719,0.525568426
binn-hybrid-production-diagnostic-v3-f72033fbf6906b99,fd0e8a0ab4fae87f,8,4.650979996,0.022797165,-0.003468496,0.002761057,-0.000430497,0.608684599,0.608684599,0.000002288,0.000000496,0.637207031,0.463378906,0.062500000,0.508152485
binn-hybrid-production-diagnostic-v3-f72033fbf6906b99,1bc60440344d6492,8,4.893004894,0.025118850,-0.003604691,0.003151821,-0.000431427,0.591532469,0.591532528,0.000002279,0.000000564,0.629638672,0.469482422,0.062500000,0.458910495
binn-hybrid-production-diagnostic-v3-f72033fbf6906b99,b9f99d99b517e0a9,8,4.768758774,0.023988094,-0.003745031,0.003078477,-0.000474269,0.591131926,0.591131926,0.000002315,0.000000539,0.640869141,0.467529297,0.062500000,0.481746286
binn-hybrid-production-diagnostic-v3-f72033fbf6906b99,c7b117d736da5cbc,8,4.716404915,0.023515323,-0.003711134,0.002972141,-0.000486399,0.602918863,0.602918863,0.000002320,0.000000521,0.630615234,0.464111328,0.062500000,0.499489129
binn-hybrid-production-diagnostic-v3-f72033fbf6906b99,6668916cb7acd8d3,8,4.758656979,0.023880888,-0.003923244,0.003018309,-0.000468555,0.612648308,0.612648308,0.000002224,0.000000518,0.660400391,0.461669922,0.062011719,0.488938272
binn-hybrid-production-diagnostic-v3-f72033fbf6906b99,84206aaa377754e6,8,4.725063801,0.023592044,-0.003322321,0.002863834,-0.000425535,0.614819944,0.614819944,0.000002199,0.000000512,0.625488281,0.459960938,0.062500000,0.507772386
binn-hybrid-production-diagnostic-v3-f72033fbf6906b99,22dbe4e3b839d0fd,8,4.575001240,0.022093771,-0.003584362,0.002865677,-0.000459498,0.617536366,0.617536306,0.000002224,0.000000472,0.598876953,0.478271484,0.062011719,0.534270644
binn-hybrid-production-diagnostic-v3-f72033fbf6906b99,40937e39398c4d10,8,4.872135162,0.024946027,-0.003672774,0.003107657,-0.000412120,0.598827481,0.598827362,0.000002224,0.000000555,0.619628906,0.470214844,0.062255859,0.464873612
binn-hybrid-production-diagnostic-v3-f72033fbf6906b99,ef4af876b956c927,8,4.832005501,0.024608251,-0.003832572,0.003093659,-0.000479457,0.589861870,0.589861810,0.000002330,0.000000552,0.611083984,0.482666016,0.062011719,0.482577682
binn-hybrid-production-diagnostic-v3-f72033fbf6906b99,0d02718c3a19453a,8,4.765315533,0.023923805,-0.003842417,0.003023742,-0.000465827,0.607991159,0.607991159,0.000002302,0.000000526,0.631835938,0.478027344,0.062255859,0.480896741
binn-hybrid-production-diagnostic-v3-f72033fbf6906b99,ab35cbc5bbe3c151,8,4.788150311,0.024132730,-0.003841341,0.003066476,-0.000478830,0.594140410,0.594140410,0.000002291,0.000000538,0.637939453,0.477783203,0.062255859,0.485455543
binn-hybrid-production-diagnostic-v3-f72033fbf6906b99,c9ed45033cb63d64,8,4.751868725,0.023852415,-0.003704835,0.003057153,-0.000463719,0.600995839,0.600995779,0.000002208,0.000000528,0.611328125,0.483398438,0.062500000,0.488240987
binn-hybrid-production-diagnostic-v3-f72033fbf6906b99,57a4df58bc78b97b,8,4.773140907,0.023967884,-0.003878297,0.003053947,-0.000484513,0.596640706,0.596640706,0.000002388,0.000000531,0.653808594,0.458496094,0.062500000,0.483390689
binn-hybrid-production-diagnostic-v3-f72033fbf6906b99,f65c58963dc3358e,8,4.738417149,0.023748510,-0.003645224,0.002862287,-0.000455189,0.617312193,0.617312253,0.000002219,0.000000514,0.626464844,0.468261719,0.062500000,0.502528906
binn-hybrid-production-diagnostic-v3-f72033fbf6906b99,1417d22fbe95b1a5,8,4.639924526,0.022675142,-0.003776869,0.002924646,-0.000481684,0.631397188,0.631397188,0.000002216,0.000000478,0.618896484,0.468017578,0.062255859,0.515906096
