seed,depth,temperature,gradient_norm,soft_direct_loss_drop,soft_rotated_loss_drop,tempered_direct_loss_drop,tempered_rotated_loss_drop
15453308257587330068,1,soft,0.984254,0.000969,-0.000279,0.000969,-0.000279
15453308257587330068,1,2.0000,0.984254,0.000969,-0.000279,0.000099,-0.000026
15453308257587330068,1,1.0000,0.984254,0.000969,-0.000279,0.000182,-0.000059
15453308257587330068,1,0.5000,0.984254,0.000969,-0.000279,0.000260,-0.000110
15453308257587330068,1,0.2500,0.984254,0.000969,-0.000279,0.000123,-0.000062
15453308257587330068,1,0.1000,0.984254,0.000969,-0.000279,0.000001,-0.000000
15453308257587330068,1,hard,0.984254,0.000969,-0.000279,0.000000,0.000000
8371249665055979563,1,soft,0.984038,0.000968,-0.000281,0.000968,-0.000281
8371249665055979563,1,2.0000,0.984038,0.000968,-0.000281,0.000099,-0.000026
8371249665055979563,1,1.0000,0.984038,0.000968,-0.000281,0.000182,-0.000059
8371249665055979563,1,0.5000,0.984038,0.000968,-0.000281,0.000261,-0.000110
8371249665055979563,1,0.2500,0.984038,0.000968,-0.000281,0.000123,-0.000061
8371249665055979563,1,0.1000,0.984038,0.000968,-0.000281,0.000001,-0.000000
8371249665055979563,1,hard,0.984038,0.000968,-0.000281,0.000000,0.000000
10584648148176565310,1,soft,0.983653,0.000967,-0.000289,0.000967,-0.000289
10584648148176565310,1,2.0000,0.983653,0.000967,-0.000289,0.000098,-0.000026
10584648148176565310,1,1.0000,0.983653,0.000967,-0.000289,0.000182,-0.000061
10584648148176565310,1,0.5000,0.983653,0.000967,-0.000289,0.000261,-0.000117
10584648148176565310,1,0.2500,0.983653,0.000967,-0.000289,0.000124,-0.000066
10584648148176565310,1,0.1000,0.983653,0.000967,-0.000289,0.000001,-0.000001
10584648148176565310,1,hard,0.983653,0.000967,-0.000289,0.000000,0.000000
3503715438342828117,1,soft,0.983561,0.000967,-0.000301,0.000967,-0.000301
3503715438342828117,1,2.0000,0.983561,0.000967,-0.000301,0.000099,-0.000027
3503715438342828117,1,1.0000,0.983561,0.000967,-0.000301,0.000182,-0.000064
3503715438342828117,1,0.5000,0.983561,0.000967,-0.000301,0.000262,-0.000125
3503715438342828117,1,0.2500,0.983561,0.000967,-0.000301,0.000124,-0.000072
3503715438342828117,1,0.1000,0.983561,0.000967,-0.000301,0.000001,-0.000001
3503715438342828117,1,hard,0.983561,0.000967,-0.000301,0.000000,0.000000
6870017868308966504,1,soft,0.983452,0.000967,-0.000263,0.000967,-0.000263
6870017868308966504,1,2.0000,0.983452,0.000967,-0.000263,0.000099,-0.000024
6870017868308966504,1,1.0000,0.983452,0.000967,-0.000263,0.000182,-0.000055
6870017868308966504,1,0.5000,0.983452,0.000967,-0.000263,0.000262,-0.000103
6870017868308966504,1,0.2500,0.983452,0.000967,-0.000263,0.000125,-0.000057
6870017868308966504,1,0.1000,0.983452,0.000967,-0.000263,0.000001,-0.000000
6870017868308966504,1,hard,0.983452,0.000967,-0.000263,0.000000,0.000000
18234668199544023167,1,soft,0.982636,0.000966,-0.000272,0.000966,-0.000272
18234668199544023167,1,2.0000,0.982636,0.000966,-0.000272,0.000099,-0.000025
18234668199544023167,1,1.0000,0.982636,0.000966,-0.000272,0.000182,-0.000057
18234668199544023167,1,0.5000,0.982636,0.000966,-0.000272,0.000263,-0.000108
18234668199544023167,1,0.2500,0.982636,0.000966,-0.000272,0.000127,-0.000062
18234668199544023167,1,0.1000,0.982636,0.000966,-0.000272,0.000001,-0.000000
18234668199544023167,1,hard,0.982636,0.000966,-0.000272,0.000000,0.000000
2001287458986747026,1,soft,0.983670,0.000968,-0.000309,0.000968,-0.000309
2001287458986747026,1,2.0000,0.983670,0.000968,-0.000309,0.000098,-0.000029
2001287458986747026,1,1.0000,0.983670,0.000968,-0.000309,0.000182,-0.000064
2001287458986747026,1,0.5000,0.983670,0.000968,-0.000309,0.000261,-0.000120
2001287458986747026,1,0.2500,0.983670,0.000968,-0.000309,0.000124,-0.000068
2001287458986747026,1,0.1000,0.983670,0.000968,-0.000309,0.000001,-0.000001
2001287458986747026,1,hard,0.983670,0.000968,-0.000309,0.000000,0.000000
13400911004452511913,1,soft,0.984426,0.000969,-0.000252,0.000969,-0.000252
13400911004452511913,1,2.0000,0.984426,0.000969,-0.000252,0.000098,-0.000023
13400911004452511913,1,1.0000,0.984426,0.000969,-0.000252,0.000182,-0.000053
13400911004452511913,1,0.5000,0.984426,0.000969,-0.000252,0.000260,-0.000100
13400911004452511913,1,0.2500,0.984426,0.000969,-0.000252,0.000122,-0.000056
13400911004452511913,1,0.1000,0.984426,0.000969,-0.000252,0.000001,-0.000000
13400911004452511913,1,hard,0.984426,0.000969,-0.000252,0.000000,0.000000
14389304000666033340,1,soft,0.984808,0.000970,-0.000270,0.000970,-0.000270
14389304000666033340,1,2.0000,0.984808,0.000970,-0.000270,0.000098,-0.000025
14389304000666033340,1,1.0000,0.984808,0.000970,-0.000270,0.000182,-0.000057
14389304000666033340,1,0.5000,0.984808,0.000970,-0.000270,0.000259,-0.000107
14389304000666033340,1,0.2500,0.984808,0.000970,-0.000270,0.000121,-0.000060
14389304000666033340,1,0.1000,0.984808,0.000970,-0.000270,0.000001,-0.000000
14389304000666033340,1,hard,0.984808,0.000970,-0.000270,0.000000,0.000000
7379312348008863955,1,soft,0.983677,0.000968,-0.000255,0.000968,-0.000255
7379312348008863955,1,2.0000,0.983677,0.000968,-0.000255,0.000099,-0.000023
7379312348008863955,1,1.0000,0.983677,0.000968,-0.000255,0.000182,-0.000055
7379312348008863955,1,0.5000,0.983677,0.000968,-0.000255,0.000261,-0.000107
7379312348008863955,1,0.2500,0.983677,0.000968,-0.000255,0.000124,-0.000062
7379312348008863955,1,0.1000,0.983677,0.000968,-0.000255,0.000001,-0.000000
7379312348008863955,1,hard,0.983677,0.000968,-0.000255,0.000000,0.000000
9520731371184805094,1,soft,0.983753,0.000968,-0.000287,0.000968,-0.000287
9520731371184805094,1,2.0000,0.983753,0.000968,-0.000287,0.000099,-0.000027
9520731371184805094,1,1.0000,0.983753,0.000968,-0.000287,0.000182,-0.000060
9520731371184805094,1,0.5000,0.983753,0.000968,-0.000287,0.000261,-0.000113
9520731371184805094,1,0.2500,0.983753,0.000968,-0.000287,0.000124,-0.000064
9520731371184805094,1,0.1000,0.983753,0.000968,-0.000287,0.000001,-0.000000
9520731371184805094,1,hard,0.983753,0.000968,-0.000287,0.000000,0.000000
2511848558889390333,1,soft,0.984292,0.000969,-0.000292,0.000969,-0.000292
2511848558889390333,1,2.0000,0.984292,0.000969,-0.000292,0.000099,-0.000027
2511848558889390333,1,1.0000,0.984292,0.000969,-0.000292,0.000182,-0.000060
2511848558889390333,1,0.5000,0.984292,0.000969,-0.000292,0.000260,-0.000111
2511848558889390333,1,0.2500,0.984292,0.000969,-0.000292,0.000123,-0.000062
2511848558889390333,1,0.1000,0.984292,0.000969,-0.000292,0.000001,-0.000000
2511848558889390333,1,hard,0.984292,0.000969,-0.000292,0.000000,0.000000
4653197178990775568,1,soft,0.984127,0.000968,-0.000303,0.000968,-0.000303
4653197178990775568,1,2.0000,0.984127,0.000968,-0.000303,0.000098,-0.000028
4653197178990775568,1,1.0000,0.984127,0.000968,-0.000303,0.000182,-0.000062
4653197178990775568,1,0.5000,0.984127,0.000968,-0.000303,0.000260,-0.000114
4653197178990775568,1,0.2500,0.984127,0.000968,-0.000303,0.000123,-0.000063
4653197178990775568,1,0.1000,0.984127,0.000968,-0.000303,0.000001,-0.000000
4653197178990775568,1,hard,0.984127,0.000968,-0.000303,0.000000,0.000000
17242871620025108775,1,soft,0.983755,0.000968,-0.000265,0.000968,-0.000265
17242871620025108775,1,2.0000,0.983755,0.000968,-0.000265,0.000098,-0.000025
17242871620025108775,1,1.0000,0.983755,0.000968,-0.000265,0.000182,-0.000055
17242871620025108775,1,0.5000,0.983755,0.000968,-0.000265,0.000261,-0.000102
17242871620025108775,1,0.2500,0.983755,0.000968,-0.000265,0.000124,-0.000057
17242871620025108775,1,0.1000,0.983755,0.000968,-0.000265,0.000001,-0.000000
17242871620025108775,1,hard,0.983755,0.000968,-0.000265,0.000000,0.000000
937440981967258938,1,soft,0.983525,0.000967,-0.000243,0.000967,-0.000243
937440981967258938,1,2.0000,0.983525,0.000967,-0.000243,0.000099,-0.000022
937440981967258938,1,1.0000,0.983525,0.000967,-0.000243,0.000182,-0.000051
937440981967258938,1,0.5000,0.983525,0.000967,-0.000243,0.000262,-0.000097
937440981967258938,1,0.2500,0.983525,0.000967,-0.000243,0.000124,-0.000055
937440981967258938,1,0.1000,0.983525,0.000967,-0.000243,0.000001,-0.000000
937440981967258938,1,hard,0.983525,0.000967,-0.000243,0.000000,0.000000
12336995258221445457,1,soft,0.984173,0.000969,-0.000288,0.000969,-0.000288
12336995258221445457,1,2.0000,0.984173,0.000969,-0.000288,0.000099,-0.000026
12336995258221445457,1,1.0000,0.984173,0.000969,-0.000288,0.000182,-0.000061
12336995258221445457,1,0.5000,0.984173,0.000969,-0.000288,0.000261,-0.000115
12336995258221445457,1,0.2500,0.984173,0.000969,-0.000288,0.000123,-0.000063
12336995258221445457,1,0.1000,0.984173,0.000969,-0.000288,0.000001,-0.000000
12336995258221445457,1,hard,0.984173,0.000969,-0.000288,0.000000,0.000000
14550357526309911908,1,soft,0.984158,0.000968,-0.000311,0.000968,-0.000311
14550357526309911908,1,2.0000,0.984158,0.000968,-0.000311,0.000099,-0.000029
14550357526309911908,1,1.0000,0.984158,0.000968,-0.000311,0.000182,-0.000065
14550357526309911908,1,0.5000,0.984158,0.000968,-0.000311,0.000260,-0.000122
14550357526309911908,1,0.2500,0.984158,0.000968,-0.000311,0.000123,-0.000068
14550357526309911908,1,0.1000,0.984158,0.000968,-0.000311,0.000001,-0.000001
14550357526309911908,1,hard,0.984158,0.000968,-0.000311,0.000000,0.000000
6315413713023973755,1,soft,0.984442,0.000969,-0.000314,0.000969,-0.000314
6315413713023973755,1,2.0000,0.984442,0.000969,-0.000314,0.000098,-0.000029
6315413713023973755,1,1.0000,0.984442,0.000969,-0.000314,0.000182,-0.000065
6315413713023973755,1,0.5000,0.984442,0.000969,-0.000314,0.000260,-0.000121
6315413713023973755,1,0.2500,0.984442,0.000969,-0.000314,0.000122,-0.000068
6315413713023973755,1,0.1000,0.984442,0.000969,-0.000314,0.000001,-0.000001
6315413713023973755,1,hard,0.984442,0.000969,-0.000314,0.000000,0.000000
17752165541379257742,1,soft,0.983564,0.000967,-0.000298,0.000967,-0.000298
17752165541379257742,1,2.0000,0.983564,0.000967,-0.000298,0.000099,-0.000027
17752165541379257742,1,1.0000,0.983564,0.000967,-0.000298,0.000182,-0.000063
17752165541379257742,1,0.5000,0.983564,0.000967,-0.000298,0.000262,-0.000123
17752165541379257742,1,0.2500,0.983564,0.000967,-0.000298,0.000124,-0.000070
17752165541379257742,1,0.1000,0.983564,0.000967,-0.000298,0.000001,-0.000001
17752165541379257742,1,hard,0.983564,0.000967,-0.000298,0.000000,0.000000
1447861344392032677,1,soft,0.983447,0.000967,-0.000270,0.000967,-0.000270
1447861344392032677,1,2.0000,0.983447,0.000967,-0.000270,0.000098,-0.000025
1447861344392032677,1,1.0000,0.983447,0.000967,-0.000270,0.000182,-0.000057
1447861344392032677,1,0.5000,0.983447,0.000967,-0.000270,0.000261,-0.000108
1447861344392032677,1,0.2500,0.983447,0.000967,-0.000270,0.000125,-0.000062
1447861344392032677,1,0.1000,0.983447,0.000967,-0.000270,0.000001,-0.000000
1447861344392032677,1,hard,0.983447,0.000967,-0.000270,0.000000,0.000000
15453308257587330068,2,soft,1.598158,0.002709,-0.000515,0.002709,-0.000515
15453308257587330068,2,2.0000,1.598158,0.002709,-0.000515,0.000070,-0.000019
15453308257587330068,2,1.0000,1.598158,0.002709,-0.000515,0.000203,-0.000046
15453308257587330068,2,0.5000,1.598158,0.002709,-0.000515,0.000541,-0.000074
15453308257587330068,2,0.2500,1.598158,0.002709,-0.000515,0.000261,-0.000016
15453308257587330068,2,0.1000,1.598158,0.002709,-0.000515,0.000001,-0.000000
15453308257587330068,2,hard,1.598158,0.002709,-0.000515,0.000000,0.000000
8371249665055979563,2,soft,1.647373,0.002854,-0.000622,0.002854,-0.000622
8371249665055979563,2,2.0000,1.647373,0.002854,-0.000622,0.000073,-0.000020
8371249665055979563,2,1.0000,1.647373,0.002854,-0.000622,0.000211,-0.000052
8371249665055979563,2,0.5000,1.647373,0.002854,-0.000622,0.000557,-0.000093
8371249665055979563,2,0.2500,1.647373,0.002854,-0.000622,0.000275,-0.000026
8371249665055979563,2,0.1000,1.647373,0.002854,-0.000622,0.000001,-0.000000
8371249665055979563,2,hard,1.647373,0.002854,-0.000622,0.000000,0.000000
10584648148176565310,2,soft,1.626854,0.002778,-0.000605,0.002778,-0.000605
10584648148176565310,2,2.0000,1.626854,0.002778,-0.000605,0.000071,-0.000020
10584648148176565310,2,1.0000,1.626854,0.002778,-0.000605,0.000205,-0.000051
10584648148176565310,2,0.5000,1.626854,0.002778,-0.000605,0.000542,-0.000091
10584648148176565310,2,0.2500,1.626854,0.002778,-0.000605,0.000271,-0.000024
10584648148176565310,2,0.1000,1.626854,0.002778,-0.000605,0.000001,-0.000000
10584648148176565310,2,hard,1.626854,0.002778,-0.000605,0.000000,0.000000
3503715438342828117,2,soft,1.677213,0.002954,-0.000616,0.002954,-0.000616
3503715438342828117,2,2.0000,1.677213,0.002954,-0.000616,0.000075,-0.000020
3503715438342828117,2,1.0000,1.677213,0.002954,-0.000616,0.000218,-0.000052
3503715438342828117,2,0.5000,1.677213,0.002954,-0.000616,0.000576,-0.000101
3503715438342828117,2,0.2500,1.677213,0.002954,-0.000616,0.000283,-0.000035
3503715438342828117,2,0.1000,1.677213,0.002954,-0.000616,0.000001,-0.000000
3503715438342828117,2,hard,1.677213,0.002954,-0.000616,0.000000,0.000000
6870017868308966504,2,soft,1.588166,0.002693,-0.000559,0.002693,-0.000559
6870017868308966504,2,2.0000,1.588166,0.002693,-0.000559,0.000070,-0.000018
6870017868308966504,2,1.0000,1.588166,0.002693,-0.000559,0.000204,-0.000048
6870017868308966504,2,0.5000,1.588166,0.002693,-0.000559,0.000545,-0.000104
6870017868308966504,2,0.2500,1.588166,0.002693,-0.000559,0.000267,-0.000041
6870017868308966504,2,0.1000,1.588166,0.002693,-0.000559,0.000001,-0.000000
6870017868308966504,2,hard,1.588166,0.002693,-0.000559,0.000000,0.000000
18234668199544023167,2,soft,1.641254,0.002833,-0.000622,0.002833,-0.000622
18234668199544023167,2,2.0000,1.641254,0.002833,-0.000622,0.000072,-0.000021
18234668199544023167,2,1.0000,1.641254,0.002833,-0.000622,0.000208,-0.000052
18234668199544023167,2,0.5000,1.641254,0.002833,-0.000622,0.000551,-0.000089
18234668199544023167,2,0.2500,1.641254,0.002833,-0.000622,0.000271,-0.000021
18234668199544023167,2,0.1000,1.641254,0.002833,-0.000622,0.000001,-0.000000
18234668199544023167,2,hard,1.641254,0.002833,-0.000622,0.000000,0.000000
2001287458986747026,2,soft,1.619249,0.002786,-0.000633,0.002786,-0.000633
2001287458986747026,2,2.0000,1.619249,0.002786,-0.000633,0.000072,-0.000021
2001287458986747026,2,1.0000,1.619249,0.002786,-0.000633,0.000209,-0.000053
2001287458986747026,2,0.5000,1.619249,0.002786,-0.000633,0.000557,-0.000098
2001287458986747026,2,0.2500,1.619249,0.002786,-0.000633,0.000273,-0.000027
2001287458986747026,2,0.1000,1.619249,0.002786,-0.000633,0.000001,-0.000000
2001287458986747026,2,hard,1.619249,0.002786,-0.000633,0.000000,0.000000
13400911004452511913,2,soft,1.618062,0.002765,-0.000594,0.002765,-0.000594
13400911004452511913,2,2.0000,1.618062,0.002765,-0.000594,0.000071,-0.000019
13400911004452511913,2,1.0000,1.618062,0.002765,-0.000594,0.000206,-0.000049
13400911004452511913,2,0.5000,1.618062,0.002765,-0.000594,0.000547,-0.000098
13400911004452511913,2,0.2500,1.618062,0.002765,-0.000594,0.000269,-0.000039
13400911004452511913,2,0.1000,1.618062,0.002765,-0.000594,0.000001,-0.000000
13400911004452511913,2,hard,1.618062,0.002765,-0.000594,0.000000,0.000000
14389304000666033340,2,soft,1.566521,0.002595,-0.000561,0.002595,-0.000561
14389304000666033340,2,2.0000,1.566521,0.002595,-0.000561,0.000066,-0.000019
14389304000666033340,2,1.0000,1.566521,0.002595,-0.000561,0.000193,-0.000048
14389304000666033340,2,0.5000,1.566521,0.002595,-0.000561,0.000513,-0.000081
14389304000666033340,2,0.2500,1.566521,0.002595,-0.000561,0.000249,-0.000020
14389304000666033340,2,0.1000,1.566521,0.002595,-0.000561,0.000001,-0.000000
14389304000666033340,2,hard,1.566521,0.002595,-0.000561,0.000000,0.000000
7379312348008863955,2,soft,1.666442,0.002906,-0.000532,0.002906,-0.000532
7379312348008863955,2,2.0000,1.666442,0.002906,-0.000532,0.000074,-0.000019
7379312348008863955,2,1.0000,1.666442,0.002906,-0.000532,0.000213,-0.000046
7379312348008863955,2,0.5000,1.666442,0.002906,-0.000532,0.000560,-0.000077
7379312348008863955,2,0.2500,1.666442,0.002906,-0.000532,0.000275,-0.000020
7379312348008863955,2,0.1000,1.666442,0.002906,-0.000532,0.000001,-0.000000
7379312348008863955,2,hard,1.666442,0.002906,-0.000532,0.000000,0.000000
9520731371184805094,2,soft,1.614617,0.002781,-0.000521,0.002781,-0.000521
9520731371184805094,2,2.0000,1.614617,0.002781,-0.000521,0.000072,-0.000017
9520731371184805094,2,1.0000,1.614617,0.002781,-0.000521,0.000209,-0.000046
9520731371184805094,2,0.5000,1.614617,0.002781,-0.000521,0.000558,-0.000107
9520731371184805094,2,0.2500,1.614617,0.002781,-0.000521,0.000271,-0.000044
9520731371184805094,2,0.1000,1.614617,0.002781,-0.000521,0.000001,-0.000000
9520731371184805094,2,hard,1.614617,0.002781,-0.000521,0.000000,0.000000
2511848558889390333,2,soft,1.625435,0.002807,-0.000527,0.002807,-0.000527
2511848558889390333,2,2.0000,1.625435,0.002807,-0.000527,0.000072,-0.000019
2511848558889390333,2,1.0000,1.625435,0.002807,-0.000527,0.000209,-0.000047
2511848558889390333,2,0.5000,1.625435,0.002807,-0.000527,0.000555,-0.000076
2511848558889390333,2,0.2500,1.625435,0.002807,-0.000527,0.000270,-0.000017
2511848558889390333,2,0.1000,1.625435,0.002807,-0.000527,0.000001,-0.000000
2511848558889390333,2,hard,1.625435,0.002807,-0.000527,0.000000,0.000000
4653197178990775568,2,soft,1.680468,0.002964,-0.000536,0.002964,-0.000536
4653197178990775568,2,2.0000,1.680468,0.002964,-0.000536,0.000076,-0.000020
4653197178990775568,2,1.0000,1.680468,0.002964,-0.000536,0.000219,-0.000047
4653197178990775568,2,0.5000,1.680468,0.002964,-0.000536,0.000580,-0.000069
4653197178990775568,2,0.2500,1.680468,0.002964,-0.000536,0.000288,-0.000012
4653197178990775568,2,0.1000,1.680468,0.002964,-0.000536,0.000001,-0.000000
4653197178990775568,2,hard,1.680468,0.002964,-0.000536,0.000000,0.000000
17242871620025108775,2,soft,1.593603,0.002692,-0.000542,0.002692,-0.000542
17242871620025108775,2,2.0000,1.593603,0.002692,-0.000542,0.000069,-0.000019
17242871620025108775,2,1.0000,1.593603,0.002692,-0.000542,0.000201,-0.000048
17242871620025108775,2,0.5000,1.593603,0.002692,-0.000542,0.000536,-0.000078
17242871620025108775,2,0.2500,1.593603,0.002692,-0.000542,0.000260,-0.000015
17242871620025108775,2,0.1000,1.593603,0.002692,-0.000542,0.000001,-0.000000
17242871620025108775,2,hard,1.593603,0.002692,-0.000542,0.000000,0.000000
937440981967258938,2,soft,1.606791,0.002731,-0.000541,0.002731,-0.000541
937440981967258938,2,2.0000,1.606791,0.002731,-0.000541,0.000070,-0.000020
937440981967258938,2,1.0000,1.606791,0.002731,-0.000541,0.000203,-0.000048
937440981967258938,2,0.5000,1.606791,0.002731,-0.000541,0.000539,-0.000064
937440981967258938,2,0.2500,1.606791,0.002731,-0.000541,0.000264,-0.000005
937440981967258938,2,0.1000,1.606791,0.002731,-0.000541,0.000001,-0.000000
937440981967258938,2,hard,1.606791,0.002731,-0.000541,0.000000,0.000000
12336995258221445457,2,soft,1.553877,0.002581,-0.000439,0.002581,-0.000439
12336995258221445457,2,2.0000,1.553877,0.002581,-0.000439,0.000067,-0.000016
12336995258221445457,2,1.0000,1.553877,0.002581,-0.000439,0.000195,-0.000041
12336995258221445457,2,0.5000,1.553877,0.002581,-0.000439,0.000523,-0.000070
12336995258221445457,2,0.2500,1.553877,0.002581,-0.000439,0.000254,-0.000018
12336995258221445457,2,0.1000,1.553877,0.002581,-0.000439,0.000001,-0.000000
12336995258221445457,2,hard,1.553877,0.002581,-0.000439,0.000000,0.000000
14550357526309911908,2,soft,1.634771,0.002810,-0.000553,0.002810,-0.000553
14550357526309911908,2,2.0000,1.634771,0.002810,-0.000553,0.000071,-0.000020
14550357526309911908,2,1.0000,1.634771,0.002810,-0.000553,0.000206,-0.000048
14550357526309911908,2,0.5000,1.634771,0.002810,-0.000553,0.000542,-0.000068
14550357526309911908,2,0.2500,1.634771,0.002810,-0.000553,0.000262,-0.000008
14550357526309911908,2,0.1000,1.634771,0.002810,-0.000553,0.000001,-0.000000
14550357526309911908,2,hard,1.634771,0.002810,-0.000553,0.000000,0.000000
6315413713023973755,2,soft,1.607623,0.002757,-0.000513,0.002757,-0.000513
6315413713023973755,2,2.0000,1.607623,0.002757,-0.000513,0.000071,-0.000018
6315413713023973755,2,1.0000,1.607623,0.002757,-0.000513,0.000206,-0.000045
6315413713023973755,2,0.5000,1.607623,0.002757,-0.000513,0.000549,-0.000088
6315413713023973755,2,0.2500,1.607623,0.002757,-0.000513,0.000264,-0.000029
6315413713023973755,2,0.1000,1.607623,0.002757,-0.000513,0.000001,-0.000000
6315413713023973755,2,hard,1.607623,0.002757,-0.000513,0.000000,0.000000
17752165541379257742,2,soft,1.577546,0.002649,-0.000463,0.002649,-0.000463
17752165541379257742,2,2.0000,1.577546,0.002649,-0.000463,0.000069,-0.000017
17752165541379257742,2,1.0000,1.577546,0.002649,-0.000463,0.000200,-0.000042
17752165541379257742,2,0.5000,1.577546,0.002649,-0.000463,0.000532,-0.000064
17752165541379257742,2,0.2500,1.577546,0.002649,-0.000463,0.000262,-0.000010
17752165541379257742,2,0.1000,1.577546,0.002649,-0.000463,0.000001,-0.000000
17752165541379257742,2,hard,1.577546,0.002649,-0.000463,0.000000,0.000000
1447861344392032677,2,soft,1.592385,0.002705,-0.000527,0.002705,-0.000527
1447861344392032677,2,2.0000,1.592385,0.002705,-0.000527,0.000070,-0.000019
1447861344392032677,2,1.0000,1.592385,0.002705,-0.000527,0.000204,-0.000047
1447861344392032677,2,0.5000,1.592385,0.002705,-0.000527,0.000544,-0.000091
1447861344392032677,2,0.2500,1.592385,0.002705,-0.000527,0.000265,-0.000030
1447861344392032677,2,0.1000,1.592385,0.002705,-0.000527,0.000001,-0.000000
1447861344392032677,2,hard,1.592385,0.002705,-0.000527,0.000000,0.000000
15453308257587330068,3,soft,2.082650,0.004757,-0.001334,0.004757,-0.001334
15453308257587330068,3,2.0000,2.082650,0.004757,-0.001334,0.000059,-0.000021
15453308257587330068,3,1.0000,2.082650,0.004757,-0.001334,0.000181,-0.000060
15453308257587330068,3,0.5000,2.082650,0.004757,-0.001334,0.000799,-0.000205
15453308257587330068,3,0.2500,2.082650,0.004757,-0.001334,0.000403,-0.000081
15453308257587330068,3,0.1000,2.082650,0.004757,-0.001334,0.000002,-0.000000
15453308257587330068,3,hard,2.082650,0.004757,-0.001334,0.000000,0.000000
8371249665055979563,3,soft,1.976781,0.004245,-0.001111,0.004245,-0.001111
8371249665055979563,3,2.0000,1.976781,0.004245,-0.001111,0.000056,-0.000018
8371249665055979563,3,1.0000,1.976781,0.004245,-0.001111,0.000170,-0.000052
8371249665055979563,3,0.5000,1.976781,0.004245,-0.001111,0.000759,-0.000189
8371249665055979563,3,0.2500,1.976781,0.004245,-0.001111,0.000392,-0.000076
8371249665055979563,3,0.1000,1.976781,0.004245,-0.001111,0.000002,-0.000000
8371249665055979563,3,hard,1.976781,0.004245,-0.001111,0.000000,0.000000
10584648148176565310,3,soft,2.059683,0.004676,-0.001347,0.004676,-0.001347
10584648148176565310,3,2.0000,2.059683,0.004676,-0.001347,0.000059,-0.000021
10584648148176565310,3,1.0000,2.059683,0.004676,-0.001347,0.000181,-0.000058
10584648148176565310,3,0.5000,2.059683,0.004676,-0.001347,0.000803,-0.000205
10584648148176565310,3,0.2500,2.059683,0.004676,-0.001347,0.000406,-0.000080
10584648148176565310,3,0.1000,2.059683,0.004676,-0.001347,0.000002,-0.000000
10584648148176565310,3,hard,2.059683,0.004676,-0.001347,0.000000,0.000000
3503715438342828117,3,soft,2.054646,0.004654,-0.001268,0.004654,-0.001268
3503715438342828117,3,2.0000,2.054646,0.004654,-0.001268,0.000058,-0.000021
3503715438342828117,3,1.0000,2.054646,0.004654,-0.001268,0.000179,-0.000059
3503715438342828117,3,0.5000,2.054646,0.004654,-0.001268,0.000797,-0.000221
3503715438342828117,3,0.2500,2.054646,0.004654,-0.001268,0.000393,-0.000096
3503715438342828117,3,0.1000,2.054646,0.004654,-0.001268,0.000002,-0.000000
3503715438342828117,3,hard,2.054646,0.004654,-0.001268,0.000000,0.000000
6870017868308966504,3,soft,2.077489,0.004741,-0.001352,0.004741,-0.001352
6870017868308966504,3,2.0000,2.077489,0.004741,-0.001352,0.000060,-0.000021
6870017868308966504,3,1.0000,2.077489,0.004741,-0.001352,0.000183,-0.000060
6870017868308966504,3,0.5000,2.077489,0.004741,-0.001352,0.000810,-0.000227
6870017868308966504,3,0.2500,2.077489,0.004741,-0.001352,0.000417,-0.000111
6870017868308966504,3,0.1000,2.077489,0.004741,-0.001352,0.000002,-0.000000
6870017868308966504,3,hard,2.077489,0.004741,-0.001352,0.000000,0.000000
18234668199544023167,3,soft,2.070482,0.004654,-0.001412,0.004654,-0.001412
18234668199544023167,3,2.0000,2.070482,0.004654,-0.001412,0.000059,-0.000022
18234668199544023167,3,1.0000,2.070482,0.004654,-0.001412,0.000178,-0.000060
18234668199544023167,3,0.5000,2.070482,0.004654,-0.001412,0.000773,-0.000198
18234668199544023167,3,0.2500,2.070482,0.004654,-0.001412,0.000393,-0.000078
18234668199544023167,3,0.1000,2.070482,0.004654,-0.001412,0.000002,-0.000000
18234668199544023167,3,hard,2.070482,0.004654,-0.001412,0.000000,0.000000
2001287458986747026,3,soft,2.003670,0.004404,-0.001189,0.004404,-0.001189
2001287458986747026,3,2.0000,2.003670,0.004404,-0.001189,0.000056,-0.000019
2001287458986747026,3,1.0000,2.003670,0.004404,-0.001189,0.000172,-0.000054
2001287458986747026,3,0.5000,2.003670,0.004404,-0.001189,0.000772,-0.000210
2001287458986747026,3,0.2500,2.003670,0.004404,-0.001189,0.000393,-0.000099
2001287458986747026,3,0.1000,2.003670,0.004404,-0.001189,0.000002,-0.000000
2001287458986747026,3,hard,2.003670,0.004404,-0.001189,0.000000,0.000000
13400911004452511913,3,soft,2.012577,0.004429,-0.001290,0.004429,-0.001290
13400911004452511913,3,2.0000,2.012577,0.004429,-0.001290,0.000054,-0.000020
13400911004452511913,3,1.0000,2.012577,0.004429,-0.001290,0.000169,-0.000057
13400911004452511913,3,0.5000,2.012577,0.004429,-0.001290,0.000771,-0.000194
13400911004452511913,3,0.2500,2.012577,0.004429,-0.001290,0.000375,-0.000068
13400911004452511913,3,0.1000,2.012577,0.004429,-0.001290,0.000001,-0.000000
13400911004452511913,3,hard,2.012577,0.004429,-0.001290,0.000000,0.000000
14389304000666033340,3,soft,2.118922,0.004897,-0.001305,0.004897,-0.001305
14389304000666033340,3,2.0000,2.118922,0.004897,-0.001305,0.000061,-0.000021
14389304000666033340,3,1.0000,2.118922,0.004897,-0.001305,0.000185,-0.000058
14389304000666033340,3,0.5000,2.118922,0.004897,-0.001305,0.000798,-0.000191
14389304000666033340,3,0.2500,2.118922,0.004897,-0.001305,0.000403,-0.000073
14389304000666033340,3,0.1000,2.118922,0.004897,-0.001305,0.000002,-0.000000
14389304000666033340,3,hard,2.118922,0.004897,-0.001305,0.000000,0.000000
7379312348008863955,3,soft,2.081921,0.004767,-0.001303,0.004767,-0.001303
7379312348008863955,3,2.0000,2.081921,0.004767,-0.001303,0.000061,-0.000020
7379312348008863955,3,1.0000,2.081921,0.004767,-0.001303,0.000185,-0.000058
7379312348008863955,3,0.5000,2.081921,0.004767,-0.001303,0.000809,-0.000220
7379312348008863955,3,0.2500,2.081921,0.004767,-0.001303,0.000408,-0.000100
7379312348008863955,3,0.1000,2.081921,0.004767,-0.001303,0.000002,-0.000000
7379312348008863955,3,hard,2.081921,0.004767,-0.001303,0.000000,0.000000
9520731371184805094,3,soft,2.030498,0.004526,-0.001212,0.004526,-0.001212
9520731371184805094,3,2.0000,2.030498,0.004526,-0.001212,0.000058,-0.000021
9520731371184805094,3,1.0000,2.030498,0.004526,-0.001212,0.000178,-0.000057
9520731371184805094,3,0.5000,2.030498,0.004526,-0.001212,0.000793,-0.000176
9520731371184805094,3,0.2500,2.030498,0.004526,-0.001212,0.000399,-0.000051
9520731371184805094,3,0.1000,2.030498,0.004526,-0.001212,0.000002,-0.000000
9520731371184805094,3,hard,2.030498,0.004526,-0.001212,0.000000,0.000000
2511848558889390333,3,soft,2.154796,0.005020,-0.001312,0.005020,-0.001312
2511848558889390333,3,2.0000,2.154796,0.005020,-0.001312,0.000062,-0.000021
2511848558889390333,3,1.0000,2.154796,0.005020,-0.001312,0.000187,-0.000059
2511848558889390333,3,0.5000,2.154796,0.005020,-0.001312,0.000800,-0.000209
2511848558889390333,3,0.2500,2.154796,0.005020,-0.001312,0.000417,-0.000090
2511848558889390333,3,0.1000,2.154796,0.005020,-0.001312,0.000002,-0.000000
2511848558889390333,3,hard,2.154796,0.005020,-0.001312,0.000000,0.000000
4653197178990775568,3,soft,2.014491,0.004382,-0.001106,0.004382,-0.001106
4653197178990775568,3,2.0000,2.014491,0.004382,-0.001106,0.000057,-0.000017
4653197178990775568,3,1.0000,2.014491,0.004382,-0.001106,0.000172,-0.000049
4653197178990775568,3,0.5000,2.014491,0.004382,-0.001106,0.000750,-0.000204
4653197178990775568,3,0.2500,2.014491,0.004382,-0.001106,0.000389,-0.000110
4653197178990775568,3,0.1000,2.014491,0.004382,-0.001106,0.000002,-0.000000
4653197178990775568,3,hard,2.014491,0.004382,-0.001106,0.000000,0.000000
17242871620025108775,3,soft,2.018791,0.004500,-0.001156,0.004500,-0.001156
17242871620025108775,3,2.0000,2.018791,0.004500,-0.001156,0.000056,-0.000019
17242871620025108775,3,1.0000,2.018791,0.004500,-0.001156,0.000174,-0.000053
17242871620025108775,3,0.5000,2.018791,0.004500,-0.001156,0.000790,-0.000196
17242871620025108775,3,0.2500,2.018791,0.004500,-0.001156,0.000394,-0.000089
17242871620025108775,3,0.1000,2.018791,0.004500,-0.001156,0.000002,-0.000000
17242871620025108775,3,hard,2.018791,0.004500,-0.001156,0.000000,0.000000
937440981967258938,3,soft,2.109350,0.004846,-0.001178,0.004846,-0.001178
937440981967258938,3,2.0000,2.109350,0.004846,-0.001178,0.000060,-0.000020
937440981967258938,3,1.0000,2.109350,0.004846,-0.001178,0.000184,-0.000055
937440981967258938,3,0.5000,2.109350,0.004846,-0.001178,0.000795,-0.000186
937440981967258938,3,0.2500,2.109350,0.004846,-0.001178,0.000407,-0.000077
937440981967258938,3,0.1000,2.109350,0.004846,-0.001178,0.000002,-0.000000
937440981967258938,3,hard,2.109350,0.004846,-0.001178,0.000000,0.000000
12336995258221445457,3,soft,2.072212,0.004613,-0.001222,0.004613,-0.001222
12336995258221445457,3,2.0000,2.072212,0.004613,-0.001222,0.000059,-0.000020
12336995258221445457,3,1.0000,2.072212,0.004613,-0.001222,0.000177,-0.000056
12336995258221445457,3,0.5000,2.072212,0.004613,-0.001222,0.000759,-0.000189
12336995258221445457,3,0.2500,2.072212,0.004613,-0.001222,0.000396,-0.000069
12336995258221445457,3,0.1000,2.072212,0.004613,-0.001222,0.000002,-0.000000
12336995258221445457,3,hard,2.072212,0.004613,-0.001222,0.000000,0.000000
14550357526309911908,3,soft,2.025234,0.004488,-0.001184,0.004488,-0.001184
14550357526309911908,3,2.0000,2.025234,0.004488,-0.001184,0.000058,-0.000019
14550357526309911908,3,1.0000,2.025234,0.004488,-0.001184,0.000177,-0.000054
14550357526309911908,3,0.5000,2.025234,0.004488,-0.001184,0.000785,-0.000208
14550357526309911908,3,0.2500,2.025234,0.004488,-0.001184,0.000399,-0.000097
14550357526309911908,3,0.1000,2.025234,0.004488,-0.001184,0.000002,-0.000000
14550357526309911908,3,hard,2.025234,0.004488,-0.001184,0.000000,0.000000
6315413713023973755,3,soft,2.050476,0.004571,-0.001211,0.004571,-0.001211
6315413713023973755,3,2.0000,2.050476,0.004571,-0.001211,0.000057,-0.000019
6315413713023973755,3,1.0000,2.050476,0.004571,-0.001211,0.000176,-0.000055
6315413713023973755,3,0.5000,2.050476,0.004571,-0.001211,0.000772,-0.000199
6315413713023973755,3,0.2500,2.050476,0.004571,-0.001211,0.000381,-0.000083
6315413713023973755,3,0.1000,2.050476,0.004571,-0.001211,0.000002,-0.000000
6315413713023973755,3,hard,2.050476,0.004571,-0.001211,0.000000,0.000000
17752165541379257742,3,soft,2.128833,0.004946,-0.001487,0.004946,-0.001487
17752165541379257742,3,2.0000,2.128833,0.004946,-0.001487,0.000062,-0.000023
17752165541379257742,3,1.0000,2.128833,0.004946,-0.001487,0.000188,-0.000065
17752165541379257742,3,0.5000,2.128833,0.004946,-0.001487,0.000810,-0.000217
17752165541379257742,3,0.2500,2.128833,0.004946,-0.001487,0.000421,-0.000091
17752165541379257742,3,0.1000,2.128833,0.004946,-0.001487,0.000002,-0.000000
17752165541379257742,3,hard,2.128833,0.004946,-0.001487,0.000000,0.000000
1447861344392032677,3,soft,2.009653,0.004450,-0.001324,0.004450,-0.001324
1447861344392032677,3,2.0000,2.009653,0.004450,-0.001324,0.000056,-0.000020
1447861344392032677,3,1.0000,2.009653,0.004450,-0.001324,0.000174,-0.000058
1447861344392032677,3,0.5000,2.009653,0.004450,-0.001324,0.000789,-0.000213
1447861344392032677,3,0.2500,2.009653,0.004450,-0.001324,0.000391,-0.000085
1447861344392032677,3,0.1000,2.009653,0.004450,-0.001324,0.000002,-0.000000
1447861344392032677,3,hard,2.009653,0.004450,-0.001324,0.000000,0.000000
15453308257587330068,4,soft,2.685173,0.007425,-0.001814,0.007425,-0.001814
15453308257587330068,4,2.0000,2.685173,0.007425,-0.001814,0.000065,-0.000019
15453308257587330068,4,1.0000,2.685173,0.007425,-0.001814,0.000176,-0.000049
15453308257587330068,4,0.5000,2.685173,0.007425,-0.001814,0.000967,-0.000266
15453308257587330068,4,0.2500,2.685173,0.007425,-0.001814,0.000543,-0.000163
15453308257587330068,4,0.1000,2.685173,0.007425,-0.001814,0.000002,-0.000001
15453308257587330068,4,hard,2.685173,0.007425,-0.001814,0.000000,0.000000
8371249665055979563,4,soft,2.694094,0.007451,-0.002143,0.007451,-0.002143
8371249665055979563,4,2.0000,2.694094,0.007451,-0.002143,0.000066,-0.000021
8371249665055979563,4,1.0000,2.694094,0.007451,-0.002143,0.000177,-0.000056
8371249665055979563,4,0.5000,2.694094,0.007451,-0.002143,0.000948,-0.000292
8371249665055979563,4,0.2500,2.694094,0.007451,-0.002143,0.000549,-0.000185
8371249665055979563,4,0.1000,2.694094,0.007451,-0.002143,0.000002,-0.000001
8371249665055979563,4,hard,2.694094,0.007451,-0.002143,0.000000,0.000000
10584648148176565310,4,soft,2.805412,0.008024,-0.002244,0.008024,-0.002244
10584648148176565310,4,2.0000,2.805412,0.008024,-0.002244,0.000069,-0.000020
10584648148176565310,4,1.0000,2.805412,0.008024,-0.002244,0.000182,-0.000052
10584648148176565310,4,0.5000,2.805412,0.008024,-0.002244,0.000890,-0.000274
10584648148176565310,4,0.2500,2.805412,0.008024,-0.002244,0.000553,-0.000209
10584648148176565310,4,0.1000,2.805412,0.008024,-0.002244,0.000002,-0.000001
10584648148176565310,4,hard,2.805412,0.008024,-0.002244,0.000000,0.000000
3503715438342828117,4,soft,2.760613,0.007825,-0.001901,0.007825,-0.001901
3503715438342828117,4,2.0000,2.760613,0.007825,-0.001901,0.000067,-0.000018
3503715438342828117,4,1.0000,2.760613,0.007825,-0.001901,0.000178,-0.000047
3503715438342828117,4,0.5000,2.760613,0.007825,-0.001901,0.000918,-0.000272
3503715438342828117,4,0.2500,2.760613,0.007825,-0.001901,0.000539,-0.000217
3503715438342828117,4,0.1000,2.760613,0.007825,-0.001901,0.000002,-0.000001
3503715438342828117,4,hard,2.760613,0.007825,-0.001901,0.000000,0.000000
6870017868308966504,4,soft,2.735385,0.007657,-0.002142,0.007657,-0.002142
6870017868308966504,4,2.0000,2.735385,0.007657,-0.002142,0.000065,-0.000020
6870017868308966504,4,1.0000,2.735385,0.007657,-0.002142,0.000175,-0.000052
6870017868308966504,4,0.5000,2.735385,0.007657,-0.002142,0.000932,-0.000289
6870017868308966504,4,0.2500,2.735385,0.007657,-0.002142,0.000535,-0.000199
6870017868308966504,4,0.1000,2.735385,0.007657,-0.002142,0.000002,-0.000001
6870017868308966504,4,hard,2.735385,0.007657,-0.002142,0.000000,0.000000
18234668199544023167,4,soft,2.673976,0.007352,-0.001780,0.007352,-0.001780
18234668199544023167,4,2.0000,2.673976,0.007352,-0.001780,0.000065,-0.000020
18234668199544023167,4,1.0000,2.673976,0.007352,-0.001780,0.000174,-0.000051
18234668199544023167,4,0.5000,2.673976,0.007352,-0.001780,0.000935,-0.000252
18234668199544023167,4,0.2500,2.673976,0.007352,-0.001780,0.000545,-0.000142
18234668199544023167,4,0.1000,2.673976,0.007352,-0.001780,0.000002,-0.000001
18234668199544023167,4,hard,2.673976,0.007352,-0.001780,0.000000,0.000000
2001287458986747026,4,soft,2.705661,0.007513,-0.001964,0.007513,-0.001964
2001287458986747026,4,2.0000,2.705661,0.007513,-0.001964,0.000063,-0.000020
2001287458986747026,4,1.0000,2.705661,0.007513,-0.001964,0.000171,-0.000051
2001287458986747026,4,0.5000,2.705661,0.007513,-0.001964,0.000921,-0.000269
2001287458986747026,4,0.2500,2.705661,0.007513,-0.001964,0.000526,-0.000167
2001287458986747026,4,0.1000,2.705661,0.007513,-0.001964,0.000002,-0.000001
2001287458986747026,4,hard,2.705661,0.007513,-0.001964,0.000000,0.000000
13400911004452511913,4,soft,2.757126,0.007780,-0.002039,0.007780,-0.002039
13400911004452511913,4,2.0000,2.757126,0.007780,-0.002039,0.000066,-0.000017
13400911004452511913,4,1.0000,2.757126,0.007780,-0.002039,0.000178,-0.000045
13400911004452511913,4,0.5000,2.757126,0.007780,-0.002039,0.000927,-0.000265
13400911004452511913,4,0.2500,2.757126,0.007780,-0.002039,0.000541,-0.000194
13400911004452511913,4,0.1000,2.757126,0.007780,-0.002039,0.000002,-0.000001
13400911004452511913,4,hard,2.757126,0.007780,-0.002039,0.000000,0.000000
14389304000666033340,4,soft,2.732105,0.007657,-0.002158,0.007657,-0.002158
14389304000666033340,4,2.0000,2.732105,0.007657,-0.002158,0.000065,-0.000019
14389304000666033340,4,1.0000,2.732105,0.007657,-0.002158,0.000174,-0.000050
14389304000666033340,4,0.5000,2.732105,0.007657,-0.002158,0.000908,-0.000279
14389304000666033340,4,0.2500,2.732105,0.007657,-0.002158,0.000526,-0.000194
14389304000666033340,4,0.1000,2.732105,0.007657,-0.002158,0.000002,-0.000001
14389304000666033340,4,hard,2.732105,0.007657,-0.002158,0.000000,0.000000
7379312348008863955,4,soft,2.729574,0.007659,-0.001920,0.007659,-0.001920
7379312348008863955,4,2.0000,2.729574,0.007659,-0.001920,0.000067,-0.000019
7379312348008863955,4,1.0000,2.729574,0.007659,-0.001920,0.000178,-0.000050
7379312348008863955,4,0.5000,2.729574,0.007659,-0.001920,0.000927,-0.000271
7379312348008863955,4,0.2500,2.729574,0.007659,-0.001920,0.000534,-0.000171
7379312348008863955,4,0.1000,2.729574,0.007659,-0.001920,0.000002,-0.000001
7379312348008863955,4,hard,2.729574,0.007659,-0.001920,0.000000,0.000000
9520731371184805094,4,soft,2.702838,0.007508,-0.001762,0.007508,-0.001762
9520731371184805094,4,2.0000,2.702838,0.007508,-0.001762,0.000063,-0.000020
9520731371184805094,4,1.0000,2.702838,0.007508,-0.001762,0.000171,-0.000051
9520731371184805094,4,0.5000,2.702838,0.007508,-0.001762,0.000912,-0.000238
9520731371184805094,4,0.2500,2.702838,0.007508,-0.001762,0.000518,-0.000134
9520731371184805094,4,0.1000,2.702838,0.007508,-0.001762,0.000002,-0.000001
9520731371184805094,4,hard,2.702838,0.007508,-0.001762,0.000000,0.000000
2511848558889390333,4,soft,2.740427,0.007723,-0.001967,0.007723,-0.001967
2511848558889390333,4,2.0000,2.740427,0.007723,-0.001967,0.000068,-0.000019
2511848558889390333,4,1.0000,2.740427,0.007723,-0.001967,0.000179,-0.000049
2511848558889390333,4,0.5000,2.740427,0.007723,-0.001967,0.000932,-0.000277
2511848558889390333,4,0.2500,2.740427,0.007723,-0.001967,0.000539,-0.000194
2511848558889390333,4,0.1000,2.740427,0.007723,-0.001967,0.000002,-0.000001
2511848558889390333,4,hard,2.740427,0.007723,-0.001967,0.000000,0.000000
4653197178990775568,4,soft,2.731372,0.007639,-0.002127,0.007639,-0.002127
4653197178990775568,4,2.0000,2.731372,0.007639,-0.002127,0.000066,-0.000020
4653197178990775568,4,1.0000,2.731372,0.007639,-0.002127,0.000177,-0.000053
4653197178990775568,4,0.5000,2.731372,0.007639,-0.002127,0.000923,-0.000300
4653197178990775568,4,0.2500,2.731372,0.007639,-0.002127,0.000553,-0.000222
4653197178990775568,4,0.1000,2.731372,0.007639,-0.002127,0.000002,-0.000001
4653197178990775568,4,hard,2.731372,0.007639,-0.002127,0.000000,0.000000
17242871620025108775,4,soft,2.719320,0.007592,-0.001966,0.007592,-0.001966
17242871620025108775,4,2.0000,2.719320,0.007592,-0.001966,0.000067,-0.000020
17242871620025108775,4,1.0000,2.719320,0.007592,-0.001966,0.000177,-0.000051
17242871620025108775,4,0.5000,2.719320,0.007592,-0.001966,0.000918,-0.000275
17242871620025108775,4,0.2500,2.719320,0.007592,-0.001966,0.000545,-0.000201
17242871620025108775,4,0.1000,2.719320,0.007592,-0.001966,0.000002,-0.000001
17242871620025108775,4,hard,2.719320,0.007592,-0.001966,0.000000,0.000000
937440981967258938,4,soft,2.726270,0.007590,-0.002148,0.007590,-0.002148
937440981967258938,4,2.0000,2.726270,0.007590,-0.002148,0.000066,-0.000020
937440981967258938,4,1.0000,2.726270,0.007590,-0.002148,0.000178,-0.000052
937440981967258938,4,0.5000,2.726270,0.007590,-0.002148,0.000938,-0.000298
937440981967258938,4,0.2500,2.726270,0.007590,-0.002148,0.000533,-0.000215
937440981967258938,4,0.1000,2.726270,0.007590,-0.002148,0.000002,-0.000001
937440981967258938,4,hard,2.726270,0.007590,-0.002148,0.000000,0.000000
12336995258221445457,4,soft,2.721644,0.007589,-0.001858,0.007589,-0.001858
12336995258221445457,4,2.0000,2.721644,0.007589,-0.001858,0.000066,-0.000020
12336995258221445457,4,1.0000,2.721644,0.007589,-0.001858,0.000178,-0.000051
12336995258221445457,4,0.5000,2.721644,0.007589,-0.001858,0.000936,-0.000270
12336995258221445457,4,0.2500,2.721644,0.007589,-0.001858,0.000545,-0.000180
12336995258221445457,4,0.1000,2.721644,0.007589,-0.001858,0.000002,-0.000001
12336995258221445457,4,hard,2.721644,0.007589,-0.001858,0.000000,0.000000
14550357526309911908,4,soft,2.723941,0.007573,-0.001863,0.007573,-0.001863
14550357526309911908,4,2.0000,2.723941,0.007573,-0.001863,0.000064,-0.000018
14550357526309911908,4,1.0000,2.723941,0.007573,-0.001863,0.000172,-0.000048
14550357526309911908,4,0.5000,2.723941,0.007573,-0.001863,0.000900,-0.000258
14550357526309911908,4,0.2500,2.723941,0.007573,-0.001863,0.000530,-0.000169
14550357526309911908,4,0.1000,2.723941,0.007573,-0.001863,0.000002,-0.000001
14550357526309911908,4,hard,2.723941,0.007573,-0.001863,0.000000,0.000000
6315413713023973755,4,soft,2.733004,0.007656,-0.001955,0.007656,-0.001955
6315413713023973755,4,2.0000,2.733004,0.007656,-0.001955,0.000066,-0.000019
6315413713023973755,4,1.0000,2.733004,0.007656,-0.001955,0.000175,-0.000050
6315413713023973755,4,0.5000,2.733004,0.007656,-0.001955,0.000908,-0.000273
6315413713023973755,4,0.2500,2.733004,0.007656,-0.001955,0.000530,-0.000198
6315413713023973755,4,0.1000,2.733004,0.007656,-0.001955,0.000002,-0.000001
6315413713023973755,4,hard,2.733004,0.007656,-0.001955,0.000000,0.000000
17752165541379257742,4,soft,2.739397,0.007665,-0.001603,0.007665,-0.001603
17752165541379257742,4,2.0000,2.739397,0.007665,-0.001603,0.000066,-0.000018
17752165541379257742,4,1.0000,2.739397,0.007665,-0.001603,0.000175,-0.000046
17752165541379257742,4,0.5000,2.739397,0.007665,-0.001603,0.000878,-0.000225
17752165541379257742,4,0.2500,2.739397,0.007665,-0.001603,0.000537,-0.000150
17752165541379257742,4,0.1000,2.739397,0.007665,-0.001603,0.000002,-0.000001
17752165541379257742,4,hard,2.739397,0.007665,-0.001603,0.000000,0.000000
1447861344392032677,4,soft,2.721815,0.007581,-0.002089,0.007581,-0.002089
1447861344392032677,4,2.0000,2.721815,0.007581,-0.002089,0.000066,-0.000019
1447861344392032677,4,1.0000,2.721815,0.007581,-0.002089,0.000176,-0.000050
1447861344392032677,4,0.5000,2.721815,0.007581,-0.002089,0.000916,-0.000283
1447861344392032677,4,0.2500,2.721815,0.007581,-0.002089,0.000537,-0.000208
1447861344392032677,4,0.1000,2.721815,0.007581,-0.002089,0.000002,-0.000001
1447861344392032677,4,hard,2.721815,0.007581,-0.002089,0.000000,0.000000
15453308257587330068,5,soft,3.587661,0.013339,-0.003066,0.013339,-0.003066
15453308257587330068,5,2.0000,3.587661,0.013339,-0.003066,0.000083,-0.000027
15453308257587330068,5,1.0000,3.587661,0.013339,-0.003066,0.000204,-0.000065
15453308257587330068,5,0.5000,3.587661,0.013339,-0.003066,0.000931,-0.000262
15453308257587330068,5,0.2500,3.587661,0.013339,-0.003066,0.000653,-0.000152
15453308257587330068,5,0.1000,3.587661,0.013339,-0.003066,0.000003,-0.000001
15453308257587330068,5,hard,3.587661,0.013339,-0.003066,0.000000,0.000000
8371249665055979563,5,soft,3.477811,0.012618,-0.003507,0.012618,-0.003507
8371249665055979563,5,2.0000,3.477811,0.012618,-0.003507,0.000077,-0.000025
8371249665055979563,5,1.0000,3.477811,0.012618,-0.003507,0.000190,-0.000062
8371249665055979563,5,0.5000,3.477811,0.012618,-0.003507,0.000900,-0.000267
8371249665055979563,5,0.2500,3.477811,0.012618,-0.003507,0.000642,-0.000156
8371249665055979563,5,0.1000,3.477811,0.012618,-0.003507,0.000002,-0.000001
8371249665055979563,5,hard,3.477811,0.012618,-0.003507,0.000000,0.000000
10584648148176565310,5,soft,3.821581,0.014932,-0.004228,0.014932,-0.004228
10584648148176565310,5,2.0000,3.821581,0.014932,-0.004228,0.000093,-0.000031
10584648148176565310,5,1.0000,3.821581,0.014932,-0.004228,0.000226,-0.000075
10584648148176565310,5,0.5000,3.821581,0.014932,-0.004228,0.000987,-0.000297
10584648148176565310,5,0.2500,3.821581,0.014932,-0.004228,0.000730,-0.000189
10584648148176565310,5,0.1000,3.821581,0.014932,-0.004228,0.000003,-0.000001
10584648148176565310,5,hard,3.821581,0.014932,-0.004228,0.000000,0.000000
3503715438342828117,5,soft,3.583586,0.013470,-0.002888,0.013470,-0.002888
3503715438342828117,5,2.0000,3.583586,0.013470,-0.002888,0.000083,-0.000027
3503715438342828117,5,1.0000,3.583586,0.013470,-0.002888,0.000205,-0.000065
3503715438342828117,5,0.5000,3.583586,0.013470,-0.002888,0.000954,-0.000256
3503715438342828117,5,0.2500,3.583586,0.013470,-0.002888,0.000669,-0.000147
3503715438342828117,5,0.1000,3.583586,0.013470,-0.002888,0.000003,-0.000001
3503715438342828117,5,hard,3.583586,0.013470,-0.002888,0.000000,0.000000
6870017868308966504,5,soft,3.519212,0.012930,-0.003053,0.012930,-0.003053
6870017868308966504,5,2.0000,3.519212,0.012930,-0.003053,0.000082,-0.000027
6870017868308966504,5,1.0000,3.519212,0.012930,-0.003053,0.000201,-0.000064
6870017868308966504,5,0.5000,3.519212,0.012930,-0.003053,0.000918,-0.000249
6870017868308966504,5,0.2500,3.519212,0.012930,-0.003053,0.000665,-0.000125
6870017868308966504,5,0.1000,3.519212,0.012930,-0.003053,0.000003,-0.000000
6870017868308966504,5,hard,3.519212,0.012930,-0.003053,0.000000,0.000000
18234668199544023167,5,soft,3.594410,0.013315,-0.003471,0.013315,-0.003471
18234668199544023167,5,2.0000,3.594410,0.013315,-0.003471,0.000082,-0.000027
18234668199544023167,5,1.0000,3.594410,0.013315,-0.003471,0.000202,-0.000066
18234668199544023167,5,0.5000,3.594410,0.013315,-0.003471,0.000916,-0.000275
18234668199544023167,5,0.2500,3.594410,0.013315,-0.003471,0.000671,-0.000194
18234668199544023167,5,0.1000,3.594410,0.013315,-0.003471,0.000003,-0.000001
18234668199544023167,5,hard,3.594410,0.013315,-0.003471,0.000000,0.000000
2001287458986747026,5,soft,3.658276,0.013867,-0.003222,0.013867,-0.003222
2001287458986747026,5,2.0000,3.658276,0.013867,-0.003222,0.000087,-0.000028
2001287458986747026,5,1.0000,3.658276,0.013867,-0.003222,0.000212,-0.000068
2001287458986747026,5,0.5000,3.658276,0.013867,-0.003222,0.000962,-0.000263
2001287458986747026,5,0.2500,3.658276,0.013867,-0.003222,0.000689,-0.000132
2001287458986747026,5,0.1000,3.658276,0.013867,-0.003222,0.000003,-0.000000
2001287458986747026,5,hard,3.658276,0.013867,-0.003222,0.000000,0.000000
13400911004452511913,5,soft,3.478981,0.012548,-0.002844,0.012548,-0.002844
13400911004452511913,5,2.0000,3.478981,0.012548,-0.002844,0.000075,-0.000023
13400911004452511913,5,1.0000,3.478981,0.012548,-0.002844,0.000185,-0.000057
13400911004452511913,5,0.5000,3.478981,0.012548,-0.002844,0.000877,-0.000235
13400911004452511913,5,0.2500,3.478981,0.012548,-0.002844,0.000624,-0.000142
13400911004452511913,5,0.1000,3.478981,0.012548,-0.002844,0.000002,-0.000001
13400911004452511913,5,hard,3.478981,0.012548,-0.002844,0.000000,0.000000
14389304000666033340,5,soft,3.726112,0.014324,-0.003865,0.014324,-0.003865
14389304000666033340,5,2.0000,3.726112,0.014324,-0.003865,0.000090,-0.000027
14389304000666033340,5,1.0000,3.726112,0.014324,-0.003865,0.000219,-0.000066
14389304000666033340,5,0.5000,3.726112,0.014324,-0.003865,0.000978,-0.000309
14389304000666033340,5,0.2500,3.726112,0.014324,-0.003865,0.000712,-0.000262
14389304000666033340,5,0.1000,3.726112,0.014324,-0.003865,0.000003,-0.000001
14389304000666033340,5,hard,3.726112,0.014324,-0.003865,0.000000,0.000000
7379312348008863955,5,soft,3.512191,0.012899,-0.003144,0.012899,-0.003144
7379312348008863955,5,2.0000,3.512191,0.012899,-0.003144,0.000083,-0.000028
7379312348008863955,5,1.0000,3.512191,0.012899,-0.003144,0.000202,-0.000067
7379312348008863955,5,0.5000,3.512191,0.012899,-0.003144,0.000934,-0.000266
7379312348008863955,5,0.2500,3.512191,0.012899,-0.003144,0.000670,-0.000171
7379312348008863955,5,0.1000,3.512191,0.012899,-0.003144,0.000003,-0.000001
7379312348008863955,5,hard,3.512191,0.012899,-0.003144,0.000000,0.000000
9520731371184805094,5,soft,3.653608,0.013782,-0.002986,0.013782,-0.002986
9520731371184805094,5,2.0000,3.653608,0.013782,-0.002986,0.000085,-0.000027
9520731371184805094,5,1.0000,3.653608,0.013782,-0.002986,0.000209,-0.000064
9520731371184805094,5,0.5000,3.653608,0.013782,-0.002986,0.000935,-0.000253
9520731371184805094,5,0.2500,3.653608,0.013782,-0.002986,0.000672,-0.000166
9520731371184805094,5,0.1000,3.653608,0.013782,-0.002986,0.000003,-0.000001
9520731371184805094,5,hard,3.653608,0.013782,-0.002986,0.000000,0.000000
2511848558889390333,5,soft,3.640502,0.013792,-0.003143,0.013792,-0.003143
2511848558889390333,5,2.0000,3.640502,0.013792,-0.003143,0.000085,-0.000027
2511848558889390333,5,1.0000,3.640502,0.013792,-0.003143,0.000207,-0.000065
2511848558889390333,5,0.5000,3.640502,0.013792,-0.003143,0.000947,-0.000253
2511848558889390333,5,0.2500,3.640502,0.013792,-0.003143,0.000680,-0.000140
2511848558889390333,5,0.1000,3.640502,0.013792,-0.003143,0.000003,-0.000000
2511848558889390333,5,hard,3.640502,0.013792,-0.003143,0.000000,0.000000
4653197178990775568,5,soft,3.586590,0.013366,-0.003347,0.013366,-0.003347
4653197178990775568,5,2.0000,3.586590,0.013366,-0.003347,0.000086,-0.000030
4653197178990775568,5,1.0000,3.586590,0.013366,-0.003347,0.000210,-0.000072
4653197178990775568,5,0.5000,3.586590,0.013366,-0.003347,0.000944,-0.000268
4653197178990775568,5,0.2500,3.586590,0.013366,-0.003347,0.000689,-0.000128
4653197178990775568,5,0.1000,3.586590,0.013366,-0.003347,0.000003,-0.000000
4653197178990775568,5,hard,3.586590,0.013366,-0.003347,0.000000,0.000000
17242871620025108775,5,soft,3.546999,0.013100,-0.003146,0.013100,-0.003146
17242871620025108775,5,2.0000,3.546999,0.013100,-0.003146,0.000081,-0.000026
17242871620025108775,5,1.0000,3.546999,0.013100,-0.003146,0.000199,-0.000062
17242871620025108775,5,0.5000,3.546999,0.013100,-0.003146,0.000920,-0.000262
17242871620025108775,5,0.2500,3.546999,0.013100,-0.003146,0.000661,-0.000170
17242871620025108775,5,0.1000,3.546999,0.013100,-0.003146,0.000003,-0.000001
17242871620025108775,5,hard,3.546999,0.013100,-0.003146,0.000000,0.000000
937440981967258938,5,soft,3.608105,0.013485,-0.003624,0.013485,-0.003624
937440981967258938,5,2.0000,3.608105,0.013485,-0.003624,0.000082,-0.000028
937440981967258938,5,1.0000,3.608105,0.013485,-0.003624,0.000201,-0.000069
937440981967258938,5,0.5000,3.608105,0.013485,-0.003624,0.000933,-0.000281
937440981967258938,5,0.2500,3.608105,0.013485,-0.003624,0.000657,-0.000166
937440981967258938,5,0.1000,3.608105,0.013485,-0.003624,0.000002,-0.000001
937440981967258938,5,hard,3.608105,0.013485,-0.003624,0.000000,0.000000
12336995258221445457,5,soft,3.603408,0.013453,-0.003294,0.013453,-0.003294
12336995258221445457,5,2.0000,3.603408,0.013453,-0.003294,0.000080,-0.000028
12336995258221445457,5,1.0000,3.603408,0.013453,-0.003294,0.000197,-0.000067
12336995258221445457,5,0.5000,3.603408,0.013453,-0.003294,0.000922,-0.000271
12336995258221445457,5,0.2500,3.603408,0.013453,-0.003294,0.000643,-0.000139
12336995258221445457,5,0.1000,3.603408,0.013453,-0.003294,0.000002,-0.000000
12336995258221445457,5,hard,3.603408,0.013453,-0.003294,0.000000,0.000000
14550357526309911908,5,soft,3.757102,0.014550,-0.003777,0.014550,-0.003777
14550357526309911908,5,2.0000,3.757102,0.014550,-0.003777,0.000090,-0.000030
14550357526309911908,5,1.0000,3.757102,0.014550,-0.003777,0.000219,-0.000072
14550357526309911908,5,0.5000,3.757102,0.014550,-0.003777,0.000983,-0.000291
14550357526309911908,5,0.2500,3.757102,0.014550,-0.003777,0.000720,-0.000183
14550357526309911908,5,0.1000,3.757102,0.014550,-0.003777,0.000003,-0.000001
14550357526309911908,5,hard,3.757102,0.014550,-0.003777,0.000000,0.000000
6315413713023973755,5,soft,3.629064,0.013637,-0.003320,0.013637,-0.003320
6315413713023973755,5,2.0000,3.629064,0.013637,-0.003320,0.000082,-0.000026
6315413713023973755,5,1.0000,3.629064,0.013637,-0.003320,0.000203,-0.000063
6315413713023973755,5,0.5000,3.629064,0.013637,-0.003320,0.000934,-0.000272
6315413713023973755,5,0.2500,3.629064,0.013637,-0.003320,0.000650,-0.000176
6315413713023973755,5,0.1000,3.629064,0.013637,-0.003320,0.000002,-0.000001
6315413713023973755,5,hard,3.629064,0.013637,-0.003320,0.000000,0.000000
17752165541379257742,5,soft,3.575954,0.013303,-0.002785,0.013303,-0.002785
17752165541379257742,5,2.0000,3.575954,0.013303,-0.002785,0.000083,-0.000026
17752165541379257742,5,1.0000,3.575954,0.013303,-0.002785,0.000203,-0.000064
17752165541379257742,5,0.5000,3.575954,0.013303,-0.002785,0.000932,-0.000235
17752165541379257742,5,0.2500,3.575954,0.013303,-0.002785,0.000670,-0.000109
17752165541379257742,5,0.1000,3.575954,0.013303,-0.002785,0.000003,-0.000000
17752165541379257742,5,hard,3.575954,0.013303,-0.002785,0.000000,0.000000
1447861344392032677,5,soft,3.647714,0.013793,-0.003127,0.013793,-0.003127
1447861344392032677,5,2.0000,3.647714,0.013793,-0.003127,0.000084,-0.000026
1447861344392032677,5,1.0000,3.647714,0.013793,-0.003127,0.000205,-0.000062
1447861344392032677,5,0.5000,3.647714,0.013793,-0.003127,0.000937,-0.000245
1447861344392032677,5,0.2500,3.647714,0.013793,-0.003127,0.000658,-0.000132
1447861344392032677,5,0.1000,3.647714,0.013793,-0.003127,0.000003,-0.000000
1447861344392032677,5,hard,3.647714,0.013793,-0.003127,0.000000,0.000000
15453308257587330068,6,soft,4.086947,0.017617,-0.004128,0.017617,-0.004128
15453308257587330068,6,2.0000,4.086947,0.017617,-0.004128,0.000091,-0.000031
15453308257587330068,6,1.0000,4.086947,0.017617,-0.004128,0.000217,-0.000073
15453308257587330068,6,0.5000,4.086947,0.017617,-0.004128,0.000960,-0.000276
15453308257587330068,6,0.2500,4.086947,0.017617,-0.004128,0.000783,-0.000143
15453308257587330068,6,0.1000,4.086947,0.017617,-0.004128,0.000003,-0.000001
15453308257587330068,6,hard,4.086947,0.017617,-0.004128,0.000000,0.000000
8371249665055979563,6,soft,3.918940,0.016225,-0.004400,0.016225,-0.004400
8371249665055979563,6,2.0000,3.918940,0.016225,-0.004400,0.000091,-0.000031
8371249665055979563,6,1.0000,3.918940,0.016225,-0.004400,0.000217,-0.000075
8371249665055979563,6,0.5000,3.918940,0.016225,-0.004400,0.000948,-0.000290
8371249665055979563,6,0.2500,3.918940,0.016225,-0.004400,0.000798,-0.000170
8371249665055979563,6,0.1000,3.918940,0.016225,-0.004400,0.000003,-0.000001
8371249665055979563,6,hard,3.918940,0.016225,-0.004400,0.000000,0.000000
10584648148176565310,6,soft,4.084916,0.017606,-0.003961,0.017606,-0.003961
10584648148176565310,6,2.0000,4.084916,0.017606,-0.003961,0.000096,-0.000030
10584648148176565310,6,1.0000,4.084916,0.017606,-0.003961,0.000228,-0.000070
10584648148176565310,6,0.5000,4.084916,0.017606,-0.003961,0.000968,-0.000265
10584648148176565310,6,0.2500,4.084916,0.017606,-0.003961,0.000820,-0.000183
10584648148176565310,6,0.1000,4.084916,0.017606,-0.003961,0.000003,-0.000001
10584648148176565310,6,hard,4.084916,0.017606,-0.003961,0.000000,0.000000
3503715438342828117,6,soft,4.010327,0.016833,-0.004835,0.016833,-0.004835
3503715438342828117,6,2.0000,4.010327,0.016833,-0.004835,0.000093,-0.000035
3503715438342828117,6,1.0000,4.010327,0.016833,-0.004835,0.000220,-0.000082
3503715438342828117,6,0.5000,4.010327,0.016833,-0.004835,0.000949,-0.000310
3503715438342828117,6,0.2500,4.010327,0.016833,-0.004835,0.000796,-0.000178
3503715438342828117,6,0.1000,4.010327,0.016833,-0.004835,0.000003,-0.000001
3503715438342828117,6,hard,4.010327,0.016833,-0.004835,0.000000,0.000000
6870017868308966504,6,soft,3.961349,0.016532,-0.004224,0.016532,-0.004224
6870017868308966504,6,2.0000,3.961349,0.016532,-0.004224,0.000092,-0.000032
6870017868308966504,6,1.0000,3.961349,0.016532,-0.004224,0.000218,-0.000075
6870017868308966504,6,0.5000,3.961349,0.016532,-0.004224,0.000938,-0.000280
6870017868308966504,6,0.2500,3.961349,0.016532,-0.004224,0.000784,-0.000181
6870017868308966504,6,0.1000,3.961349,0.016532,-0.004224,0.000003,-0.000001
6870017868308966504,6,hard,3.961349,0.016532,-0.004224,0.000000,0.000000
18234668199544023167,6,soft,4.053971,0.017199,-0.004057,0.017199,-0.004057
18234668199544023167,6,2.0000,4.053971,0.017199,-0.004057,0.000091,-0.000030
18234668199544023167,6,1.0000,4.053971,0.017199,-0.004057,0.000215,-0.000071
18234668199544023167,6,0.5000,4.053971,0.017199,-0.004057,0.000926,-0.000270
18234668199544023167,6,0.2500,4.053971,0.017199,-0.004057,0.000761,-0.000194
18234668199544023167,6,0.1000,4.053971,0.017199,-0.004057,0.000003,-0.000001
18234668199544023167,6,hard,4.053971,0.017199,-0.004057,0.000000,0.000000
2001287458986747026,6,soft,4.166078,0.018199,-0.004894,0.018199,-0.004894
2001287458986747026,6,2.0000,4.166078,0.018199,-0.004894,0.000096,-0.000032
2001287458986747026,6,1.0000,4.166078,0.018199,-0.004894,0.000229,-0.000077
2001287458986747026,6,0.5000,4.166078,0.018199,-0.004894,0.000970,-0.000291
2001287458986747026,6,0.2500,4.166078,0.018199,-0.004894,0.000801,-0.000185
2001287458986747026,6,0.1000,4.166078,0.018199,-0.004894,0.000003,-0.000001
2001287458986747026,6,hard,4.166078,0.018199,-0.004894,0.000000,0.000000
13400911004452511913,6,soft,4.323553,0.019754,-0.004337,0.019754,-0.004337
13400911004452511913,6,2.0000,4.323553,0.019754,-0.004337,0.000098,-0.000031
13400911004452511913,6,1.0000,4.323553,0.019754,-0.004337,0.000234,-0.000074
13400911004452511913,6,0.5000,4.323553,0.019754,-0.004337,0.001011,-0.000263
13400911004452511913,6,0.2500,4.323553,0.019754,-0.004337,0.000804,-0.000097
13400911004452511913,6,0.1000,4.323553,0.019754,-0.004337,0.000003,-0.000000
13400911004452511913,6,hard,4.323553,0.019754,-0.004337,0.000000,0.000000
14389304000666033340,6,soft,4.103499,0.017829,-0.004122,0.017829,-0.004122
14389304000666033340,6,2.0000,4.103499,0.017829,-0.004122,0.000096,-0.000032
14389304000666033340,6,1.0000,4.103499,0.017829,-0.004122,0.000226,-0.000076
14389304000666033340,6,0.5000,4.103499,0.017829,-0.004122,0.000963,-0.000279
14389304000666033340,6,0.2500,4.103499,0.017829,-0.004122,0.000799,-0.000160
14389304000666033340,6,0.1000,4.103499,0.017829,-0.004122,0.000003,-0.000001
14389304000666033340,6,hard,4.103499,0.017829,-0.004122,0.000000,0.000000
7379312348008863955,6,soft,3.942445,0.016279,-0.004175,0.016279,-0.004175
7379312348008863955,6,2.0000,3.942445,0.016279,-0.004175,0.000091,-0.000030
7379312348008863955,6,1.0000,3.942445,0.016279,-0.004175,0.000215,-0.000070
7379312348008863955,6,0.5000,3.942445,0.016279,-0.004175,0.000928,-0.000277
7379312348008863955,6,0.2500,3.942445,0.016279,-0.004175,0.000782,-0.000196
7379312348008863955,6,0.1000,3.942445,0.016279,-0.004175,0.000003,-0.000001
7379312348008863955,6,hard,3.942445,0.016279,-0.004175,0.000000,0.000000
9520731371184805094,6,soft,4.012683,0.016808,-0.004291,0.016808,-0.004291
9520731371184805094,6,2.0000,4.012683,0.016808,-0.004291,0.000090,-0.000031
9520731371184805094,6,1.0000,4.012683,0.016808,-0.004291,0.000214,-0.000075
9520731371184805094,6,0.5000,4.012683,0.016808,-0.004291,0.000925,-0.000284
9520731371184805094,6,0.2500,4.012683,0.016808,-0.004291,0.000776,-0.000182
9520731371184805094,6,0.1000,4.012683,0.016808,-0.004291,0.000003,-0.000001
9520731371184805094,6,hard,4.012683,0.016808,-0.004291,0.000000,0.000000
2511848558889390333,6,soft,3.932236,0.016225,-0.004430,0.016225,-0.004430
2511848558889390333,6,2.0000,3.932236,0.016225,-0.004430,0.000090,-0.000030
2511848558889390333,6,1.0000,3.932236,0.016225,-0.004430,0.000213,-0.000072
2511848558889390333,6,0.5000,3.932236,0.016225,-0.004430,0.000928,-0.000284
2511848558889390333,6,0.2500,3.932236,0.016225,-0.004430,0.000782,-0.000187
2511848558889390333,6,0.1000,3.932236,0.016225,-0.004430,0.000003,-0.000001
2511848558889390333,6,hard,3.932236,0.016225,-0.004430,0.000000,0.000000
4653197178990775568,6,soft,3.850650,0.015640,-0.004306,0.015640,-0.004306
4653197178990775568,6,2.0000,3.850650,0.015640,-0.004306,0.000087,-0.000031
4653197178990775568,6,1.0000,3.850650,0.015640,-0.004306,0.000207,-0.000072
4653197178990775568,6,0.5000,3.850650,0.015640,-0.004306,0.000926,-0.000280
4653197178990775568,6,0.2500,3.850650,0.015640,-0.004306,0.000775,-0.000159
4653197178990775568,6,0.1000,3.850650,0.015640,-0.004306,0.000003,-0.000001
4653197178990775568,6,hard,3.850650,0.015640,-0.004306,0.000000,0.000000
17242871620025108775,6,soft,4.030192,0.017073,-0.004027,0.017073,-0.004027
17242871620025108775,6,2.0000,4.030192,0.017073,-0.004027,0.000092,-0.000033
17242871620025108775,6,1.0000,4.030192,0.017073,-0.004027,0.000217,-0.000078
17242871620025108775,6,0.5000,4.030192,0.017073,-0.004027,0.000935,-0.000284
17242871620025108775,6,0.2500,4.030192,0.017073,-0.004027,0.000785,-0.000176
17242871620025108775,6,0.1000,4.030192,0.017073,-0.004027,0.000003,-0.000001
17242871620025108775,6,hard,4.030192,0.017073,-0.004027,0.000000,0.000000
937440981967258938,6,soft,4.187264,0.018265,-0.004965,0.018265,-0.004965
937440981967258938,6,2.0000,4.187264,0.018265,-0.004965,0.000100,-0.000035
937440981967258938,6,1.0000,4.187264,0.018265,-0.004965,0.000235,-0.000082
937440981967258938,6,0.5000,4.187264,0.018265,-0.004965,0.000972,-0.000297
937440981967258938,6,0.2500,4.187264,0.018265,-0.004965,0.000825,-0.000172
937440981967258938,6,0.1000,4.187264,0.018265,-0.004965,0.000003,-0.000001
937440981967258938,6,hard,4.187264,0.018265,-0.004965,0.000000,0.000000
12336995258221445457,6,soft,4.056935,0.017207,-0.004124,0.017207,-0.004124
12336995258221445457,6,2.0000,4.056935,0.017207,-0.004124,0.000094,-0.000032
12336995258221445457,6,1.0000,4.056935,0.017207,-0.004124,0.000222,-0.000075
12336995258221445457,6,0.5000,4.056935,0.017207,-0.004124,0.000957,-0.000276
12336995258221445457,6,0.2500,4.056935,0.017207,-0.004124,0.000789,-0.000138
12336995258221445457,6,0.1000,4.056935,0.017207,-0.004124,0.000003,-0.000001
12336995258221445457,6,hard,4.056935,0.017207,-0.004124,0.000000,0.000000
14550357526309911908,6,soft,4.166608,0.018292,-0.004828,0.018292,-0.004828
14550357526309911908,6,2.0000,4.166608,0.018292,-0.004828,0.000098,-0.000034
14550357526309911908,6,1.0000,4.166608,0.018292,-0.004828,0.000233,-0.000079
14550357526309911908,6,0.5000,4.166608,0.018292,-0.004828,0.000993,-0.000294
14550357526309911908,6,0.2500,4.166608,0.018292,-0.004828,0.000831,-0.000155
14550357526309911908,6,0.1000,4.166608,0.018292,-0.004828,0.000003,-0.000001
14550357526309911908,6,hard,4.166608,0.018292,-0.004828,0.000000,0.000000
6315413713023973755,6,soft,4.027433,0.016993,-0.004110,0.016993,-0.004110
6315413713023973755,6,2.0000,4.027433,0.016993,-0.004110,0.000095,-0.000032
6315413713023973755,6,1.0000,4.027433,0.016993,-0.004110,0.000223,-0.000075
6315413713023973755,6,0.5000,4.027433,0.016993,-0.004110,0.000952,-0.000279
6315413713023973755,6,0.2500,4.027433,0.016993,-0.004110,0.000786,-0.000168
6315413713023973755,6,0.1000,4.027433,0.016993,-0.004110,0.000003,-0.000001
6315413713023973755,6,hard,4.027433,0.016993,-0.004110,0.000000,0.000000
17752165541379257742,6,soft,3.921213,0.016185,-0.004002,0.016185,-0.004002
17752165541379257742,6,2.0000,3.921213,0.016185,-0.004002,0.000089,-0.000033
17752165541379257742,6,1.0000,3.921213,0.016185,-0.004002,0.000212,-0.000078
17752165541379257742,6,0.5000,3.921213,0.016185,-0.004002,0.000932,-0.000289
17752165541379257742,6,0.2500,3.921213,0.016185,-0.004002,0.000787,-0.000171
17752165541379257742,6,0.1000,3.921213,0.016185,-0.004002,0.000003,-0.000001
17752165541379257742,6,hard,3.921213,0.016185,-0.004002,0.000000,0.000000
1447861344392032677,6,soft,4.160756,0.018060,-0.004907,0.018060,-0.004907
1447861344392032677,6,2.0000,4.160756,0.018060,-0.004907,0.000097,-0.000033
1447861344392032677,6,1.0000,4.160756,0.018060,-0.004907,0.000230,-0.000077
1447861344392032677,6,0.5000,4.160756,0.018060,-0.004907,0.000962,-0.000293
1447861344392032677,6,0.2500,4.160756,0.018060,-0.004907,0.000809,-0.000203
1447861344392032677,6,0.1000,4.160756,0.018060,-0.004907,0.000003,-0.000001
1447861344392032677,6,hard,4.160756,0.018060,-0.004907,0.000000,0.000000
15453308257587330068,7,soft,4.659180,0.023019,-0.005709,0.023019,-0.005709
15453308257587330068,7,2.0000,4.659180,0.023019,-0.005709,0.000109,-0.000034
15453308257587330068,7,1.0000,4.659180,0.023019,-0.005709,0.000255,-0.000080
15453308257587330068,7,0.5000,4.659180,0.023019,-0.005709,0.000994,-0.000302
15453308257587330068,7,0.2500,4.659180,0.023019,-0.005709,0.000931,-0.000297
15453308257587330068,7,0.1000,4.659180,0.023019,-0.005709,0.000003,-0.000001
15453308257587330068,7,hard,4.659180,0.023019,-0.005709,0.000000,0.000000
8371249665055979563,7,soft,4.723075,0.023342,-0.006338,0.023342,-0.006338
8371249665055979563,7,2.0000,4.723075,0.023342,-0.006338,0.000108,-0.000035
8371249665055979563,7,1.0000,4.723075,0.023342,-0.006338,0.000252,-0.000081
8371249665055979563,7,0.5000,4.723075,0.023342,-0.006338,0.000974,-0.000298
8371249665055979563,7,0.2500,4.723075,0.023342,-0.006338,0.000936,-0.000277
8371249665055979563,7,0.1000,4.723075,0.023342,-0.006338,0.000003,-0.000001
8371249665055979563,7,hard,4.723075,0.023342,-0.006338,0.000000,0.000000
10584648148176565310,7,soft,4.649246,0.022636,-0.005015,0.022636,-0.005015
10584648148176565310,7,2.0000,4.649246,0.022636,-0.005015,0.000105,-0.000032
10584648148176565310,7,1.0000,4.649246,0.022636,-0.005015,0.000246,-0.000075
10584648148176565310,7,0.5000,4.649246,0.022636,-0.005015,0.000964,-0.000277
10584648148176565310,7,0.2500,4.649246,0.022636,-0.005015,0.000888,-0.000247
10584648148176565310,7,0.1000,4.649246,0.022636,-0.005015,0.000003,-0.000001
10584648148176565310,7,hard,4.649246,0.022636,-0.005015,0.000000,0.000000
3503715438342828117,7,soft,4.731171,0.023259,-0.006447,0.023259,-0.006447
3503715438342828117,7,2.0000,4.731171,0.023259,-0.006447,0.000106,-0.000036
3503715438342828117,7,1.0000,4.731171,0.023259,-0.006447,0.000249,-0.000084
3503715438342828117,7,0.5000,4.731171,0.023259,-0.006447,0.000950,-0.000308
3503715438342828117,7,0.2500,4.731171,0.023259,-0.006447,0.000906,-0.000285
3503715438342828117,7,0.1000,4.731171,0.023259,-0.006447,0.000003,-0.000001
3503715438342828117,7,hard,4.731171,0.023259,-0.006447,0.000000,0.000000
6870017868308966504,7,soft,4.607404,0.022193,-0.004844,0.022193,-0.004844
6870017868308966504,7,2.0000,4.607404,0.022193,-0.004844,0.000104,-0.000031
6870017868308966504,7,1.0000,4.607404,0.022193,-0.004844,0.000244,-0.000074
6870017868308966504,7,0.5000,4.607404,0.022193,-0.004844,0.000949,-0.000268
6870017868308966504,7,0.2500,4.607404,0.022193,-0.004844,0.000894,-0.000231
6870017868308966504,7,0.1000,4.607404,0.022193,-0.004844,0.000003,-0.000001
6870017868308966504,7,hard,4.607404,0.022193,-0.004844,0.000000,0.000000
18234668199544023167,7,soft,4.700005,0.022979,-0.005573,0.022979,-0.005573
18234668199544023167,7,2.0000,4.700005,0.022979,-0.005573,0.000107,-0.000036
18234668199544023167,7,1.0000,4.700005,0.022979,-0.005573,0.000252,-0.000084
18234668199544023167,7,0.5000,4.700005,0.022979,-0.005573,0.000969,-0.000298
18234668199544023167,7,0.2500,4.700005,0.022979,-0.005573,0.000930,-0.000235
18234668199544023167,7,0.1000,4.700005,0.022979,-0.005573,0.000003,-0.000001
18234668199544023167,7,hard,4.700005,0.022979,-0.005573,0.000000,0.000000
2001287458986747026,7,soft,4.786040,0.023776,-0.006615,0.023776,-0.006615
2001287458986747026,7,2.0000,4.786040,0.023776,-0.006615,0.000106,-0.000035
2001287458986747026,7,1.0000,4.786040,0.023776,-0.006615,0.000248,-0.000082
2001287458986747026,7,0.5000,4.786040,0.023776,-0.006615,0.000950,-0.000301
2001287458986747026,7,0.2500,4.786040,0.023776,-0.006615,0.000891,-0.000274
2001287458986747026,7,0.1000,4.786040,0.023776,-0.006615,0.000003,-0.000001
2001287458986747026,7,hard,4.786040,0.023776,-0.006615,0.000000,0.000000
13400911004452511913,7,soft,4.879147,0.024531,-0.006136,0.024531,-0.006136
13400911004452511913,7,2.0000,4.879147,0.024531,-0.006136,0.000103,-0.000031
13400911004452511913,7,1.0000,4.879147,0.024531,-0.006136,0.000243,-0.000073
13400911004452511913,7,0.5000,4.879147,0.024531,-0.006136,0.000948,-0.000278
13400911004452511913,7,0.2500,4.879147,0.024531,-0.006136,0.000867,-0.000271
13400911004452511913,7,0.1000,4.879147,0.024531,-0.006136,0.000003,-0.000001
13400911004452511913,7,hard,4.879147,0.024531,-0.006136,0.000000,0.000000
14389304000666033340,7,soft,4.829808,0.024468,-0.007543,0.024468,-0.007543
14389304000666033340,7,2.0000,4.829808,0.024468,-0.007543,0.000108,-0.000038
14389304000666033340,7,1.0000,4.829808,0.024468,-0.007543,0.000253,-0.000089
14389304000666033340,7,0.5000,4.829808,0.024468,-0.007543,0.000982,-0.000329
14389304000666033340,7,0.2500,4.829808,0.024468,-0.007543,0.000904,-0.000269
14389304000666033340,7,0.1000,4.829808,0.024468,-0.007543,0.000003,-0.000001
14389304000666033340,7,hard,4.829808,0.024468,-0.007543,0.000000,0.000000
7379312348008863955,7,soft,4.616406,0.022323,-0.007085,0.022323,-0.007085
7379312348008863955,7,2.0000,4.616406,0.022323,-0.007085,0.000102,-0.000036
7379312348008863955,7,1.0000,4.616406,0.022323,-0.007085,0.000239,-0.000084
7379312348008863955,7,0.5000,4.616406,0.022323,-0.007085,0.000934,-0.000312
7379312348008863955,7,0.2500,4.616406,0.022323,-0.007085,0.000889,-0.000277
7379312348008863955,7,0.1000,4.616406,0.022323,-0.007085,0.000003,-0.000001
7379312348008863955,7,hard,4.616406,0.022323,-0.007085,0.000000,0.000000
9520731371184805094,7,soft,4.652990,0.022546,-0.005834,0.022546,-0.005834
9520731371184805094,7,2.0000,4.652990,0.022546,-0.005834,0.000111,-0.000036
9520731371184805094,7,1.0000,4.652990,0.022546,-0.005834,0.000259,-0.000083
9520731371184805094,7,0.5000,4.652990,0.022546,-0.005834,0.000983,-0.000298
9520731371184805094,7,0.2500,4.652990,0.022546,-0.005834,0.000950,-0.000220
9520731371184805094,7,0.1000,4.652990,0.022546,-0.005834,0.000004,-0.000001
9520731371184805094,7,hard,4.652990,0.022546,-0.005834,0.000000,0.000000
2511848558889390333,7,soft,4.737222,0.023541,-0.005878,0.023541,-0.005878
2511848558889390333,7,2.0000,4.737222,0.023541,-0.005878,0.000112,-0.000038
2511848558889390333,7,1.0000,4.737222,0.023541,-0.005878,0.000261,-0.000089
2511848558889390333,7,0.5000,4.737222,0.023541,-0.005878,0.000997,-0.000314
2511848558889390333,7,0.2500,4.737222,0.023541,-0.005878,0.000955,-0.000273
2511848558889390333,7,0.1000,4.737222,0.023541,-0.005878,0.000004,-0.000001
2511848558889390333,7,hard,4.737222,0.023541,-0.005878,0.000000,0.000000
4653197178990775568,7,soft,4.652308,0.022445,-0.006225,0.022445,-0.006225
4653197178990775568,7,2.0000,4.652308,0.022445,-0.006225,0.000106,-0.000034
4653197178990775568,7,1.0000,4.652308,0.022445,-0.006225,0.000247,-0.000079
4653197178990775568,7,0.5000,4.652308,0.022445,-0.006225,0.000950,-0.000294
4653197178990775568,7,0.2500,4.652308,0.022445,-0.006225,0.000924,-0.000289
4653197178990775568,7,0.1000,4.652308,0.022445,-0.006225,0.000004,-0.000001
4653197178990775568,7,hard,4.652308,0.022445,-0.006225,0.000000,0.000000
17242871620025108775,7,soft,4.564898,0.021860,-0.005051,0.021860,-0.005051
17242871620025108775,7,2.0000,4.564898,0.021860,-0.005051,0.000102,-0.000035
17242871620025108775,7,1.0000,4.564898,0.021860,-0.005051,0.000241,-0.000083
17242871620025108775,7,0.5000,4.564898,0.021860,-0.005051,0.000942,-0.000285
17242871620025108775,7,0.2500,4.564898,0.021860,-0.005051,0.000908,-0.000194
17242871620025108775,7,0.1000,4.564898,0.021860,-0.005051,0.000003,-0.000001
17242871620025108775,7,hard,4.564898,0.021860,-0.005051,0.000000,0.000000
937440981967258938,7,soft,4.793950,0.023799,-0.007339,0.023799,-0.007339
937440981967258938,7,2.0000,4.793950,0.023799,-0.007339,0.000107,-0.000037
937440981967258938,7,1.0000,4.793950,0.023799,-0.007339,0.000252,-0.000087
937440981967258938,7,0.5000,4.793950,0.023799,-0.007339,0.000956,-0.000320
937440981967258938,7,0.2500,4.793950,0.023799,-0.007339,0.000894,-0.000281
937440981967258938,7,0.1000,4.793950,0.023799,-0.007339,0.000003,-0.000001
937440981967258938,7,hard,4.793950,0.023799,-0.007339,0.000000,0.000000
12336995258221445457,7,soft,4.765555,0.023441,-0.005692,0.023441,-0.005692
12336995258221445457,7,2.0000,4.765555,0.023441,-0.005692,0.000111,-0.000036
12336995258221445457,7,1.0000,4.765555,0.023441,-0.005692,0.000257,-0.000083
12336995258221445457,7,0.5000,4.765555,0.023441,-0.005692,0.000964,-0.000293
12336995258221445457,7,0.2500,4.765555,0.023441,-0.005692,0.000917,-0.000270
12336995258221445457,7,0.1000,4.765555,0.023441,-0.005692,0.000004,-0.000001
12336995258221445457,7,hard,4.765555,0.023441,-0.005692,0.000000,0.000000
14550357526309911908,7,soft,4.731802,0.023296,-0.005539,0.023296,-0.005539
14550357526309911908,7,2.0000,4.731802,0.023296,-0.005539,0.000108,-0.000033
14550357526309911908,7,1.0000,4.731802,0.023296,-0.005539,0.000252,-0.000077
14550357526309911908,7,0.5000,4.731802,0.023296,-0.005539,0.000966,-0.000276
14550357526309911908,7,0.2500,4.731802,0.023296,-0.005539,0.000929,-0.000259
14550357526309911908,7,0.1000,4.731802,0.023296,-0.005539,0.000003,-0.000001
14550357526309911908,7,hard,4.731802,0.023296,-0.005539,0.000000,0.000000
6315413713023973755,7,soft,4.652790,0.022608,-0.006758,0.022608,-0.006758
6315413713023973755,7,2.0000,4.652790,0.022608,-0.006758,0.000107,-0.000038
6315413713023973755,7,1.0000,4.652790,0.022608,-0.006758,0.000251,-0.000090
6315413713023973755,7,0.5000,4.652790,0.022608,-0.006758,0.000976,-0.000329
6315413713023973755,7,0.2500,4.652790,0.022608,-0.006758,0.000919,-0.000261
6315413713023973755,7,0.1000,4.652790,0.022608,-0.006758,0.000003,-0.000001
6315413713023973755,7,hard,4.652790,0.022608,-0.006758,0.000000,0.000000
17752165541379257742,7,soft,4.646206,0.022561,-0.005840,0.022561,-0.005840
17752165541379257742,7,2.0000,4.646206,0.022561,-0.005840,0.000104,-0.000035
17752165541379257742,7,1.0000,4.646206,0.022561,-0.005840,0.000244,-0.000081
17752165541379257742,7,0.5000,4.646206,0.022561,-0.005840,0.000956,-0.000300
17752165541379257742,7,0.2500,4.646206,0.022561,-0.005840,0.000913,-0.000253
17752165541379257742,7,0.1000,4.646206,0.022561,-0.005840,0.000003,-0.000001
17752165541379257742,7,hard,4.646206,0.022561,-0.005840,0.000000,0.000000
1447861344392032677,7,soft,4.712974,0.023313,-0.006317,0.023313,-0.006317
1447861344392032677,7,2.0000,4.712974,0.023313,-0.006317,0.000107,-0.000033
1447861344392032677,7,1.0000,4.712974,0.023313,-0.006317,0.000250,-0.000077
1447861344392032677,7,0.5000,4.712974,0.023313,-0.006317,0.000958,-0.000289
1447861344392032677,7,0.2500,4.712974,0.023313,-0.006317,0.000904,-0.000223
1447861344392032677,7,0.1000,4.712974,0.023313,-0.006317,0.000003,-0.000001
1447861344392032677,7,hard,4.712974,0.023313,-0.006317,0.000000,0.000000
15453308257587330068,8,soft,5.684604,0.033477,-0.008004,0.033477,-0.008004
15453308257587330068,8,2.0000,5.684604,0.033477,-0.008004,0.000130,-0.000040
15453308257587330068,8,1.0000,5.684604,0.033477,-0.008004,0.000303,-0.000093
15453308257587330068,8,0.5000,5.684604,0.033477,-0.008004,0.001050,-0.000310
15453308257587330068,8,0.2500,5.684604,0.033477,-0.008004,0.001064,-0.000210
15453308257587330068,8,0.1000,5.684604,0.033477,-0.008004,0.000004,-0.000001
15453308257587330068,8,hard,5.684604,0.033477,-0.008004,0.000000,0.000000
8371249665055979563,8,soft,5.611275,0.032808,-0.007473,0.032808,-0.007473
8371249665055979563,8,2.0000,5.611275,0.032808,-0.007473,0.000123,-0.000041
8371249665055979563,8,1.0000,5.611275,0.032808,-0.007473,0.000288,-0.000097
8371249665055979563,8,0.5000,5.611275,0.032808,-0.007473,0.001013,-0.000318
8371249665055979563,8,0.2500,5.611275,0.032808,-0.007473,0.001060,-0.000251
8371249665055979563,8,0.1000,5.611275,0.032808,-0.007473,0.000004,-0.000001
8371249665055979563,8,hard,5.611275,0.032808,-0.007473,0.000000,0.000000
10584648148176565310,8,soft,5.450678,0.030861,-0.007961,0.030861,-0.007961
10584648148176565310,8,2.0000,5.450678,0.030861,-0.007961,0.000117,-0.000037
10584648148176565310,8,1.0000,5.450678,0.030861,-0.007961,0.000277,-0.000087
10584648148176565310,8,0.5000,5.450678,0.030861,-0.007961,0.000987,-0.000305
10584648148176565310,8,0.2500,5.450678,0.030861,-0.007961,0.001007,-0.000239
10584648148176565310,8,0.1000,5.450678,0.030861,-0.007961,0.000004,-0.000001
10584648148176565310,8,hard,5.450678,0.030861,-0.007961,0.000000,0.000000
3503715438342828117,8,soft,5.567191,0.031933,-0.009150,0.031933,-0.009150
3503715438342828117,8,2.0000,5.567191,0.031933,-0.009150,0.000124,-0.000041
3503715438342828117,8,1.0000,5.567191,0.031933,-0.009150,0.000291,-0.000096
3503715438342828117,8,0.5000,5.567191,0.031933,-0.009150,0.001018,-0.000332
3503715438342828117,8,0.2500,5.567191,0.031933,-0.009150,0.001036,-0.000369
3503715438342828117,8,0.1000,5.567191,0.031933,-0.009150,0.000004,-0.000001
3503715438342828117,8,hard,5.567191,0.031933,-0.009150,0.000000,0.000000
6870017868308966504,8,soft,5.481322,0.031254,-0.007371,0.031254,-0.007371
6870017868308966504,8,2.0000,5.481322,0.031254,-0.007371,0.000124,-0.000038
6870017868308966504,8,1.0000,5.481322,0.031254,-0.007371,0.000289,-0.000088
6870017868308966504,8,0.5000,5.481322,0.031254,-0.007371,0.001017,-0.000296
6870017868308966504,8,0.2500,5.481322,0.031254,-0.007371,0.001074,-0.000272
6870017868308966504,8,0.1000,5.481322,0.031254,-0.007371,0.000004,-0.000001
6870017868308966504,8,hard,5.481322,0.031254,-0.007371,0.000000,0.000000
18234668199544023167,8,soft,5.522029,0.031499,-0.007683,0.031499,-0.007683
18234668199544023167,8,2.0000,5.522029,0.031499,-0.007683,0.000119,-0.000042
18234668199544023167,8,1.0000,5.522029,0.031499,-0.007683,0.000280,-0.000099
18234668199544023167,8,0.5000,5.522029,0.031499,-0.007683,0.000993,-0.000331
18234668199544023167,8,0.2500,5.522029,0.031499,-0.007683,0.001020,-0.000224
18234668199544023167,8,0.1000,5.522029,0.031499,-0.007683,0.000004,-0.000001
18234668199544023167,8,hard,5.522029,0.031499,-0.007683,0.000000,0.000000
2001287458986747026,8,soft,5.507977,0.031643,-0.006769,0.031643,-0.006769
2001287458986747026,8,2.0000,5.507977,0.031643,-0.006769,0.000122,-0.000039
2001287458986747026,8,1.0000,5.507977,0.031643,-0.006769,0.000286,-0.000093
2001287458986747026,8,0.5000,5.507977,0.031643,-0.006769,0.001003,-0.000315
2001287458986747026,8,0.2500,5.507977,0.031643,-0.006769,0.001022,-0.000243
2001287458986747026,8,0.1000,5.507977,0.031643,-0.006769,0.000004,-0.000001
2001287458986747026,8,hard,5.507977,0.031643,-0.006769,0.000000,0.000000
13400911004452511913,8,soft,5.412257,0.030629,-0.007443,0.030629,-0.007443
13400911004452511913,8,2.0000,5.412257,0.030629,-0.007443,0.000123,-0.000036
13400911004452511913,8,1.0000,5.412257,0.030629,-0.007443,0.000285,-0.000084
13400911004452511913,8,0.5000,5.412257,0.030629,-0.007443,0.000996,-0.000290
13400911004452511913,8,0.2500,5.412257,0.030629,-0.007443,0.001041,-0.000307
13400911004452511913,8,0.1000,5.412257,0.030629,-0.007443,0.000004,-0.000001
13400911004452511913,8,hard,5.412257,0.030629,-0.007443,0.000000,0.000000
14389304000666033340,8,soft,5.330495,0.029915,-0.006888,0.029915,-0.006888
14389304000666033340,8,2.0000,5.330495,0.029915,-0.006888,0.000122,-0.000038
14389304000666033340,8,1.0000,5.330495,0.029915,-0.006888,0.000285,-0.000090
14389304000666033340,8,0.5000,5.330495,0.029915,-0.006888,0.001002,-0.000300
14389304000666033340,8,0.2500,5.330495,0.029915,-0.006888,0.001072,-0.000235
14389304000666033340,8,0.1000,5.330495,0.029915,-0.006888,0.000004,-0.000001
14389304000666033340,8,hard,5.330495,0.029915,-0.006888,0.000000,0.000000
7379312348008863955,8,soft,5.498759,0.031199,-0.009099,0.031199,-0.009099
7379312348008863955,8,2.0000,5.498759,0.031199,-0.009099,0.000124,-0.000041
7379312348008863955,8,1.0000,5.498759,0.031199,-0.009099,0.000290,-0.000096
7379312348008863955,8,0.5000,5.498759,0.031199,-0.009099,0.001017,-0.000327
7379312348008863955,8,0.2500,5.498759,0.031199,-0.009099,0.001036,-0.000258
7379312348008863955,8,0.1000,5.498759,0.031199,-0.009099,0.000004,-0.000001
7379312348008863955,8,hard,5.498759,0.031199,-0.009099,0.000000,0.000000
9520731371184805094,8,soft,5.499991,0.031356,-0.008650,0.031356,-0.008650
9520731371184805094,8,2.0000,5.499991,0.031356,-0.008650,0.000127,-0.000044
9520731371184805094,8,1.0000,5.499991,0.031356,-0.008650,0.000297,-0.000102
9520731371184805094,8,0.5000,5.499991,0.031356,-0.008650,0.001028,-0.000337
9520731371184805094,8,0.2500,5.499991,0.031356,-0.008650,0.001057,-0.000291
9520731371184805094,8,0.1000,5.499991,0.031356,-0.008650,0.000004,-0.000001
9520731371184805094,8,hard,5.499991,0.031356,-0.008650,0.000000,0.000000
2511848558889390333,8,soft,5.577939,0.032326,-0.008728,0.032326,-0.008728
2511848558889390333,8,2.0000,5.577939,0.032326,-0.008728,0.000123,-0.000039
2511848558889390333,8,1.0000,5.577939,0.032326,-0.008728,0.000289,-0.000092
2511848558889390333,8,0.5000,5.577939,0.032326,-0.008728,0.001019,-0.000317
2511848558889390333,8,0.2500,5.577939,0.032326,-0.008728,0.001050,-0.000386
2511848558889390333,8,0.1000,5.577939,0.032326,-0.008728,0.000004,-0.000001
2511848558889390333,8,hard,5.577939,0.032326,-0.008728,0.000000,0.000000
4653197178990775568,8,soft,5.649090,0.032831,-0.009409,0.032831,-0.009409
4653197178990775568,8,2.0000,5.649090,0.032831,-0.009409,0.000126,-0.000043
4653197178990775568,8,1.0000,5.649090,0.032831,-0.009409,0.000295,-0.000100
4653197178990775568,8,0.5000,5.649090,0.032831,-0.009409,0.001026,-0.000339
4653197178990775568,8,0.2500,5.649090,0.032831,-0.009409,0.001044,-0.000251
4653197178990775568,8,0.1000,5.649090,0.032831,-0.009409,0.000004,-0.000001
4653197178990775568,8,hard,5.649090,0.032831,-0.009409,0.000000,0.000000
17242871620025108775,8,soft,5.603138,0.032343,-0.008955,0.032343,-0.008955
17242871620025108775,8,2.0000,5.603138,0.032343,-0.008955,0.000124,-0.000045
17242871620025108775,8,1.0000,5.603138,0.032343,-0.008955,0.000290,-0.000105
17242871620025108775,8,0.5000,5.603138,0.032343,-0.008955,0.001014,-0.000347
17242871620025108775,8,0.2500,5.603138,0.032343,-0.008955,0.001013,-0.000313
17242871620025108775,8,0.1000,5.603138,0.032343,-0.008955,0.000004,-0.000001
17242871620025108775,8,hard,5.603138,0.032343,-0.008955,0.000000,0.000000
937440981967258938,8,soft,5.527720,0.031724,-0.010511,0.031724,-0.010511
937440981967258938,8,2.0000,5.527720,0.031724,-0.010511,0.000122,-0.000047
937440981967258938,8,1.0000,5.527720,0.031724,-0.010511,0.000286,-0.000109
937440981967258938,8,0.5000,5.527720,0.031724,-0.010511,0.001005,-0.000367
937440981967258938,8,0.2500,5.527720,0.031724,-0.010511,0.001028,-0.000318
937440981967258938,8,0.1000,5.527720,0.031724,-0.010511,0.000004,-0.000001
937440981967258938,8,hard,5.527720,0.031724,-0.010511,0.000000,0.000000
12336995258221445457,8,soft,5.684955,0.033208,-0.008088,0.033208,-0.008088
12336995258221445457,8,2.0000,5.684955,0.033208,-0.008088,0.000131,-0.000043
12336995258221445457,8,1.0000,5.684955,0.033208,-0.008088,0.000307,-0.000101
12336995258221445457,8,0.5000,5.684955,0.033208,-0.008088,0.001057,-0.000325
12336995258221445457,8,0.2500,5.684955,0.033208,-0.008088,0.001061,-0.000247
12336995258221445457,8,0.1000,5.684955,0.033208,-0.008088,0.000004,-0.000001
12336995258221445457,8,hard,5.684955,0.033208,-0.008088,0.000000,0.000000
14550357526309911908,8,soft,5.625414,0.032724,-0.008945,0.032724,-0.008945
14550357526309911908,8,2.0000,5.625414,0.032724,-0.008945,0.000124,-0.000041
14550357526309911908,8,1.0000,5.625414,0.032724,-0.008945,0.000291,-0.000096
14550357526309911908,8,0.5000,5.625414,0.032724,-0.008945,0.001022,-0.000326
14550357526309911908,8,0.2500,5.625414,0.032724,-0.008945,0.001019,-0.000284
14550357526309911908,8,0.1000,5.625414,0.032724,-0.008945,0.000004,-0.000001
14550357526309911908,8,hard,5.625414,0.032724,-0.008945,0.000000,0.000000
6315413713023973755,8,soft,5.517729,0.031793,-0.006947,0.031793,-0.006947
6315413713023973755,8,2.0000,5.517729,0.031793,-0.006947,0.000122,-0.000041
6315413713023973755,8,1.0000,5.517729,0.031793,-0.006947,0.000286,-0.000096
6315413713023973755,8,0.5000,5.517729,0.031793,-0.006947,0.001013,-0.000319
6315413713023973755,8,0.2500,5.517729,0.031793,-0.006947,0.001025,-0.000235
6315413713023973755,8,0.1000,5.517729,0.031793,-0.006947,0.000004,-0.000001
6315413713023973755,8,hard,5.517729,0.031793,-0.006947,0.000000,0.000000
17752165541379257742,8,soft,5.393901,0.030291,-0.008539,0.030291,-0.008539
17752165541379257742,8,2.0000,5.393901,0.030291,-0.008539,0.000120,-0.000040
17752165541379257742,8,1.0000,5.393901,0.030291,-0.008539,0.000279,-0.000094
17752165541379257742,8,0.5000,5.393901,0.030291,-0.008539,0.000970,-0.000314
17752165541379257742,8,0.2500,5.393901,0.030291,-0.008539,0.001014,-0.000277
17752165541379257742,8,0.1000,5.393901,0.030291,-0.008539,0.000004,-0.000001
17752165541379257742,8,hard,5.393901,0.030291,-0.008539,0.000000,0.000000
1447861344392032677,8,soft,5.448534,0.030909,-0.007907,0.030909,-0.007907
1447861344392032677,8,2.0000,5.448534,0.030909,-0.007907,0.000121,-0.000038
1447861344392032677,8,1.0000,5.448534,0.030909,-0.007907,0.000283,-0.000089
1447861344392032677,8,0.5000,5.448534,0.030909,-0.007907,0.000995,-0.000307
1447861344392032677,8,0.2500,5.448534,0.030909,-0.007907,0.001021,-0.000329
1447861344392032677,8,0.1000,5.448534,0.030909,-0.007907,0.000004,-0.000001
1447861344392032677,8,hard,5.448534,0.030909,-0.007907,0.000000,0.000000
